Rk,Player,Pos,Age,Tm,G,GS,MP,FG,FGA,FG%,3P,3PA,3P%,2P,2PA,2P%,eFG%,FT,FTA,FT%,ORB,DRB,TRB,AST,STL,BLK,TOV,PF,PTS
1,Precious Achiuwa,C,23,TOR,17,0,17.5,2.7,6.9,0.39,0.5,2.3,0.205,2.2,4.6,0.481,0.424,1.7,2.1,0.829,1.5,3.9,5.4,1.1,0.2,0.7,1,1.4,7.6
2,Steven Adams,C,29,MEM,37,37,27,3.6,6.2,0.583,0,0,0,3.6,6.2,0.585,0.583,1,2.9,0.33,5,6.5,11.5,2.3,0.9,1.2,1.9,2.3,8.2
3,Bam Adebayo,C,25,MIA,37,37,35.2,8.5,15.8,0.538,0,0.3,0.1,8.5,15.5,0.546,0.539,4.4,5.4,0.806,2.8,7.1,9.9,3.1,1.1,0.8,2.9,3,21.4
4,Ochai Agbaji,SG,22,UTA,21,0,10.1,1.4,3,0.468,0.6,1.7,0.343,0.8,1.3,0.63,0.565,0.2,0.5,0.5,0.4,0.8,1.2,0.3,0,0,0.1,1,3.6
5,Santi Aldama,PF,22,MEM,38,16,22.7,3.3,7,0.479,1.3,3.4,0.377,2.1,3.6,0.578,0.572,1.4,1.9,0.726,1.2,3.8,5,1.3,0.7,0.8,0.6,2.2,9.4
6,Nickeil Alexander-Walker,SG,24,UTA,29,2,15.7,2.6,5.3,0.49,1.1,2.7,0.41,1.5,2.6,0.573,0.595,0.8,1.2,0.686,0.3,1.4,1.7,2.3,0.7,0.4,1.3,1.7,7.1
7,Grayson Allen,SG,27,MIL,38,36,27.1,3.3,7.6,0.436,1.8,4.6,0.387,1.5,3,0.509,0.552,1.8,2,0.909,0.9,2.6,3.6,2.6,0.7,0.2,1.1,1.4,10.2
8,Jarrett Allen,C,24,CLE,35,35,32.8,5.3,8.5,0.619,0,0.2,0,5.3,8.4,0.631,0.619,2.6,3.7,0.702,3,6.8,9.8,1.5,0.8,1.2,1.4,2.1,13.2
9,Jose Alvarado,PG,24,NOP,41,8,21,3.3,8,0.416,1.4,4.1,0.335,1.9,3.8,0.503,0.503,1.2,1.5,0.787,0.5,2,2.4,3.1,1.2,0.1,1.4,2,9.2
10,Kyle Anderson,PF,29,MIN,31,16,25.5,2.8,5.8,0.483,0.5,1.3,0.415,2.3,4.5,0.504,0.531,1.7,2.1,0.815,0.6,3.7,4.3,3.7,1.2,0.7,1.4,2.1,7.9
11,Giannis Antetokounmpo,PF,28,MIL,35,35,33.7,10.9,20.8,0.524,0.7,2.9,0.245,10.2,17.9,0.569,0.541,8.5,12.9,0.653,2.3,9.7,11.9,5.3,0.8,0.9,4,3.5,31
12,Thanasis Antetokounmpo,SF,30,MIL,19,0,4.4,0.2,0.7,0.214,0,0.2,0,0.2,0.5,0.3,0.214,0.2,0.3,0.5,0.3,0.6,0.9,0.2,0.1,0.2,0.4,0.4,0.5
13,Cole Anthony,PG,22,ORL,24,3,26.5,4.1,9.9,0.416,1.1,3.7,0.303,3,6.2,0.483,0.473,2.5,2.8,0.896,0.6,4,4.6,4.3,0.8,0.4,1.6,3,11.9
14,OG Anunoby,SF,25,TOR,37,37,36.9,6.8,14.5,0.469,1.9,5.2,0.368,4.9,9.3,0.526,0.535,2.8,3.3,0.836,1.6,4.3,5.9,2.1,2.2,0.8,2.3,3.2,18.3
15,Ryan Arcidiacono,PG,28,NYK,10,0,2.5,0.1,0.5,0.2,0.1,0.3,0.333,0,0.2,0,0.3,0,0,,0,0.4,0.4,0.2,0.2,0,0.1,0.3,0.3
16,Deni Avdija,SF,22,WAS,40,30,26,3,6.9,0.431,0.9,3,0.288,2.1,4,0.538,0.493,1.4,1.8,0.789,1,4.9,5.9,2.7,0.8,0.6,1.6,3,8.2
17,Deandre Ayton,C,24,PHO,37,37,29.5,7.6,12.9,0.592,0.2,0.6,0.333,7.5,12.4,0.604,0.599,2,2.7,0.733,2.8,7,9.8,2,0.5,0.7,2.1,2.8,17.5
18,Udoka Azubuike,C,23,UTA,15,0,4.2,0.8,0.9,0.857,0,0,,0.8,0.9,0.857,0.857,0.1,0.4,0.333,0.7,1.1,1.8,0.3,0.1,0.2,0.2,0.3,1.7
19,Marvin Bagley III,PF,23,DET,25,13,21.3,4.3,8,0.537,0.4,1.3,0.273,4,6.7,0.589,0.56,1.6,2.1,0.769,2.1,3.8,5.9,0.6,0.5,0.7,0.9,2,10.6
20,Patrick Baldwin Jr.,SF,20,GSW,13,0,8.8,1.8,4.3,0.429,1.5,3.4,0.432,0.4,0.9,0.417,0.598,0.2,0.3,0.75,0,1.6,1.6,0.2,0.5,0.1,0.5,0.5,5.4
21,LaMelo Ball,PG,21,CHO,18,18,34.3,8.3,20.1,0.412,4.2,11.1,0.38,4.1,9,0.451,0.517,2.3,2.7,0.875,1,4.4,5.4,8.6,1.2,0.4,2.8,3.5,23.1
22,Mo Bamba,C,24,ORL,33,5,18.3,2.8,5.7,0.492,1,2.8,0.37,1.8,2.9,0.608,0.582,1,1.5,0.694,1.2,3.8,5,1.1,0.3,1.1,0.6,2.3,7.7
23,Paolo Banchero,PF,20,ORL,35,35,34.2,6.9,15.9,0.435,1.3,4.3,0.313,5.6,11.7,0.48,0.478,6,7.9,0.758,1.1,5.7,6.9,3.9,1,0.5,2.9,2.3,21.2
24,Desmond Bane,SG,24,MEM,21,21,31,7.2,16.5,0.435,3.1,7.5,0.414,4.1,9,0.453,0.529,3.8,4.2,0.888,0.6,4.3,5,4,0.7,0.3,2.2,2.5,21.2
25,Dalano Banton,PG,23,TOR,22,2,10.1,2,4.7,0.423,0.6,2,0.302,1.4,2.8,0.508,0.486,0.6,0.8,0.824,0.4,1,1.5,1.2,0.5,0.5,0.6,1.1,5.2
26,Dominick Barlow,SF,19,SAS,4,0,6.5,0.8,1.8,0.429,0,0.8,0,0.8,1,0.75,0.429,1,1,1,0.5,0.3,0.8,0.8,0.3,0,0,0.8,2.5
27,Harrison Barnes,PF,30,SAC,40,40,31.8,4.5,9.5,0.478,1.5,4.3,0.343,3.1,5.2,0.589,0.555,4,4.9,0.817,1,4.1,5.1,1.7,0.9,0.1,1.2,1.4,14.6
28,Scottie Barnes,PF,21,TOR,38,37,33.9,5.8,13.1,0.448,0.9,3.1,0.288,4.9,9.9,0.497,0.482,2.1,2.7,0.76,2.1,4.8,6.9,4.7,1,0.8,2.1,1.9,14.7
29,RJ Barrett,SG,22,NYK,36,36,34.3,6.9,16.3,0.425,1.8,5.5,0.332,5.1,10.8,0.473,0.481,4.2,5.5,0.764,0.9,4.6,5.5,3,0.5,0.2,2.4,2.3,19.9
30,Will Barton,SG,32,WAS,36,0,20.2,2.7,7.2,0.375,1.3,3.5,0.365,1.4,3.7,0.383,0.463,0.8,1.1,0.789,0.2,2.6,2.8,2.5,0.4,0.3,1.1,1.1,7.5
31,Charles Bassey,C,22,SAS,24,1,13.6,2,2.9,0.671,0.1,0.3,0.333,1.9,2.7,0.703,0.686,0.7,1,0.667,1.8,3.4,5.2,1.2,0.3,0.9,1.2,2.1,4.7
32,Keita Bates-Diop,SF,27,SAS,30,12,17.9,2.9,5.7,0.518,0.5,1.4,0.366,2.4,4.3,0.566,0.562,1.1,1.4,0.81,1.2,1.7,2.8,0.7,0.6,0.2,0.8,0.8,7.5
33,Nicolas Batum,PF,34,LAC,40,7,21.7,2.1,5,0.427,1.6,3.9,0.397,0.6,1.1,0.535,0.583,0.5,0.8,0.633,0.9,3.5,4.4,1.4,0.6,0.8,0.8,2.1,6.3
34,Darius Bazley,PF,22,OKC,25,1,16.2,2.1,4.8,0.437,0.5,1.4,0.382,1.6,3.4,0.459,0.492,0.9,1.9,0.489,0.8,2.7,3.5,0.9,0.5,1,0.7,1.2,5.6
35,Bradley Beal,SG,29,WAS,24,24,33.6,8.6,16.4,0.525,1.5,4.4,0.34,7.1,12,0.594,0.571,4.1,4.8,0.861,0.9,2.6,3.5,5.2,1,0.6,2.8,1.8,22.9
36,Malik Beasley,SG,26,UTA,44,6,26.7,5.1,12.5,0.406,3.1,8.6,0.361,2,3.9,0.506,0.53,0.8,0.9,0.854,0.5,3,3.5,1.7,0.9,0.2,1,1.2,14
37,MarJon Beauchamp,SF,22,MIL,30,8,15.6,2.3,5.7,0.412,1.1,3.3,0.34,1.2,2.3,0.514,0.512,0.6,0.8,0.72,1,1.6,2.6,0.7,0.5,0.1,1,1.7,6.4
38,Dāvis Bertāns,PF,30,DAL,23,0,10.2,1.3,3.5,0.383,1.1,3.1,0.352,0.3,0.4,0.6,0.537,0.4,0.5,0.833,0.2,0.7,0.9,0.3,0.2,0.1,0.3,1.2,4.2
39,Patrick Beverley,PG,34,LAL,34,34,26.5,2,5.1,0.391,1.1,3.3,0.333,0.9,1.9,0.492,0.497,0.7,0.9,0.806,0.6,2.9,3.5,2.6,0.8,0.6,1,2.8,5.8
40,Saddiq Bey,SF,23,DET,41,23,28.5,4.4,11.1,0.401,1.7,5.3,0.327,2.7,5.8,0.468,0.479,3.3,3.9,0.851,0.9,3.2,4.1,1.5,0.9,0.2,1.1,1.6,14
41,Khem Birch,C,30,TOR,20,0,8.1,1,1.6,0.594,0.1,0.1,0.5,0.9,1.5,0.6,0.609,0.2,0.3,0.8,0.4,0.9,1.3,0.4,0.3,0.3,0.4,1.2,2.2
42,Goga Bitadze,C,23,IND,19,0,9.9,1.4,2.6,0.551,0.2,0.7,0.286,1.2,1.8,0.657,0.592,0.5,0.9,0.5,1.1,1.2,2.3,0.9,0.4,0.5,0.5,1.8,3.5
43,Bismack Biyombo,C,30,PHO,33,6,13.8,1.6,2.9,0.563,0,0,,1.6,2.9,0.563,0.563,0.4,1.2,0.325,1.2,2.6,3.8,0.8,0.3,1.3,0.9,1.9,3.7
44,Buddy Boeheim,PG,23,DET,1,0,1,0,0,,0,0,,0,0,,,0,0,,0,0,0,0,0,0,0,0,0
45,Bogdan Bogdanović,SG,30,ATL,18,3,31.2,6.2,14.3,0.436,3.1,8.1,0.379,3.2,6.2,0.509,0.543,1.2,1.4,0.808,0.3,3.6,3.9,2.7,0.8,0.3,1.4,1.4,16.7
46,Bojan Bogdanović,PF,33,DET,43,43,31.3,7,14.5,0.487,2.5,5.8,0.422,4.6,8.6,0.531,0.572,4.6,5.2,0.892,0.6,3.1,3.6,2.8,0.6,0.1,2.3,1.8,21.2
47,Bol Bol,PF,23,ORL,37,32,26.1,4.9,8.4,0.588,0.7,1.8,0.388,4.2,6.6,0.643,0.63,1.4,1.9,0.739,1.3,5.8,7.1,0.9,0.5,1.6,1.9,1.5,12
48,Leandro Bolmaro,SG,22,UTA,10,0,5.8,0.3,1.6,0.188,0,0.3,0,0.3,1.3,0.231,0.188,0,0,,0.3,0.1,0.4,0.6,0.3,0.1,0.7,0.7,0.6
49,Devin Booker,SG,26,PHO,29,29,34.6,9.8,20.4,0.477,2.3,6.2,0.37,7.4,14.2,0.524,0.534,5.3,6.2,0.85,0.8,3.8,4.6,5.6,0.9,0.4,2.4,2.7,27.1
50,Brandon Boston Jr.,SG,21,LAC,15,0,9.7,1.7,4.7,0.366,0.6,1.4,0.429,1.1,3.3,0.34,0.43,1.3,1.7,0.769,0.3,0.9,1.2,0.9,0.3,0,0.3,0.6,5.4
51,Chris Boucher,PF,30,TOR,36,0,20.9,3.4,7.3,0.466,0.8,2.7,0.281,2.6,4.6,0.572,0.517,2.1,2.8,0.762,2,3.6,5.7,0.5,0.7,0.7,0.6,2.1,9.7
52,James Bouknight,SG,22,CHO,25,0,13.9,1.6,4.8,0.333,0.6,2.5,0.254,1,2.3,0.421,0.4,0.6,0.9,0.682,0.2,1.8,2,1.1,0.5,0.2,0.7,1.2,4.4
53,Tony Bradley,C,25,CHI,9,0,2.8,0.4,0.8,0.571,0.2,0.4,0.5,0.2,0.3,0.667,0.714,0.2,0.2,1,0.1,1,1.1,0.1,0.1,0,0.1,0.1,1.3
54,Malaki Branham,SF,19,SAS,28,4,19.3,2.8,6.5,0.423,0.9,3.1,0.295,1.8,3.4,0.543,0.495,0.6,0.8,0.783,0.2,1.5,1.7,1.7,0.4,0.1,1.1,1.1,7.1
55,Christian Braun,SG,21,DEN,38,1,13.6,1.3,2.9,0.446,0.3,1,0.316,1,1.9,0.514,0.5,0.3,0.6,0.565,0.5,1.3,1.8,0.5,0.3,0.2,0.4,1.1,3.3
56,Mikal Bridges,SF,26,PHO,43,43,36.2,5.7,12.5,0.455,1.7,4.5,0.391,4,8.1,0.49,0.524,2.3,2.6,0.885,1.1,3.5,4.6,3.2,1.1,0.9,1.3,2.1,15.5
57,Oshae Brissett,SF,24,IND,36,0,15.9,1.8,4.3,0.419,0.9,2.4,0.365,0.9,1.9,0.486,0.519,1.4,2.1,0.667,0.8,2.4,3.3,0.4,0.6,0.2,0.6,1.3,5.9
58,Malcolm Brogdon,PG,30,BOS,36,0,23.6,4.6,9.7,0.476,1.8,4.1,0.438,2.8,5.6,0.502,0.567,2.6,2.9,0.886,0.8,3.4,4.1,3.9,0.6,0.3,1.6,1.4,13.6
59,Dillon Brooks,SG,27,MEM,38,38,30.6,6.2,15.5,0.403,2.1,6.2,0.335,4.2,9.3,0.449,0.47,2.2,2.7,0.788,0.6,2.9,3.5,2.7,0.8,0.2,1.7,3.4,16.7
60,Bruce Brown,PG,26,DEN,40,19,28.8,4.4,8.8,0.496,1.4,3.4,0.4,3,5.4,0.556,0.573,0.9,1.2,0.804,0.8,3.4,4.2,3.8,1,0.7,1.6,2.4,11
61,Greg Brown III,PF,21,POR,11,0,6.5,0.8,1.9,0.429,0.1,0.5,0.167,0.7,1.4,0.533,0.452,0.5,1.1,0.417,0.2,0.9,1.1,0,0.4,0.5,0.5,0.8,2.2
62,Jaylen Brown,SF,26,BOS,40,40,35.5,10.2,20.4,0.498,2.5,7.5,0.329,7.7,13,0.595,0.558,4.4,5.5,0.795,1.2,5.9,7.1,3.2,1.1,0.5,3.1,2.8,27.2
63,Kendall Brown,SG,19,IND,6,0,6.7,0.7,1.2,0.571,0,0.2,0,0.7,1,0.667,0.571,0.2,0.3,0.5,0.3,0.7,1,0.5,0.7,0,0.3,1.5,1.5
64,Moses Brown,C,23,LAC,30,1,7.6,1.7,2.7,0.61,0,0,,1.7,2.7,0.61,0.61,1,2.2,0.446,1.6,2,3.6,0.1,0.1,0.4,0.3,1.1,4.3
65,Sterling Brown,SG,27,LAL,3,0,7.7,0,1.3,0,0,0.7,0,0,0.7,0,0,0,0,,1,1.7,2.7,0.7,1,0,0,1,0
66,Troy Brown Jr.,SF,23,LAL,35,18,22.4,2.5,5.6,0.439,1.1,3,0.358,1.4,2.6,0.533,0.536,0.5,0.5,1,0.8,3.1,3.9,0.7,0.7,0.1,0.8,1.3,6.5
67,Jalen Brunson,PG,26,NYK,39,39,33.4,7.9,16.7,0.472,1.7,4.4,0.39,6.2,12.3,0.501,0.523,4.4,5.2,0.851,0.5,3,3.5,6.4,0.9,0.1,2.2,2.3,21.9
68,Thomas Bryant,C,25,LAL,27,15,22.1,5.2,7.8,0.668,0.5,1.1,0.452,4.7,6.7,0.706,0.701,2.1,2.8,0.737,1.8,5.4,7.3,0.9,0.4,0.5,0.9,2,13
69,Reggie Bullock,SF,31,DAL,40,27,28.8,1.8,5.1,0.343,1.4,4.3,0.316,0.4,0.8,0.485,0.475,0.4,0.6,0.667,0.4,2.9,3.3,1.2,0.7,0.2,0.5,2.1,5.3
70,Alec Burks,SG,31,DET,32,0,21.9,4.3,9.3,0.463,2,4.4,0.45,2.3,4.9,0.474,0.569,3.5,4.3,0.81,0.3,2.7,2.9,2.2,0.8,0.2,1.2,2.2,14
71,Jimmy Butler,SF,33,MIA,28,28,34.8,7.3,14.3,0.509,0.7,2.1,0.322,6.6,12.1,0.541,0.533,6.9,8.2,0.843,2.1,4.3,6.4,5.5,2.2,0.4,1.8,1.3,22.1
72,John Butler,C,20,POR,4,0,3.8,0.3,0.8,0.333,0,0.5,0,0.3,0.3,1,0.333,0,0,,0.3,0.3,0.5,0.3,0,0.3,0,0,0.5
73,Jamal Cain,SF,23,MIA,11,0,12.5,1.8,3.4,0.541,0.2,0.7,0.25,1.6,2.6,0.621,0.568,0.9,1.3,0.714,0.9,1.5,2.5,0.7,0.5,0,0.3,1.2,4.7
74,Kentavious Caldwell-Pope,SG,29,DEN,40,40,31.3,4.1,8.6,0.475,2.1,4.4,0.48,2,4.2,0.47,0.599,1.3,1.5,0.85,0.5,2.6,3.1,2.3,1.1,0.3,1.2,2.1,11.6
75,Facundo Campazzo,PG,31,DAL,8,0,6.5,0.4,1.6,0.231,0.4,1.4,0.273,0,0.3,0,0.346,0.1,0.3,0.5,0,0.3,0.3,1.1,0.8,0,0.4,0.4,1.3
76,Vlatko Čančar,PF,25,DEN,30,0,13.9,1.9,3.7,0.518,0.9,2,0.475,1,1.7,0.569,0.645,0.3,0.4,0.909,0.5,1.6,2.1,1.2,0.4,0.2,0.7,1.7,5.1
77,Clint Capela,C,28,ATL,27,27,27.5,5.4,8.6,0.636,0,0,,5.4,8.6,0.636,0.636,1.1,1.9,0.6,4.3,7.6,11.9,0.7,0.6,1.3,1,2.4,12
78,Vernon Carey Jr.,C,21,WAS,7,0,2.1,0.1,0.4,0.333,0,0,,0.1,0.4,0.333,0.333,0,0,,0.1,0.6,0.7,0.1,0.1,0.3,0.3,0.3,0.3
79,Jevon Carter,PG,27,MIL,41,30,24.9,2.7,6.8,0.401,1.4,3.6,0.378,1.4,3.2,0.427,0.502,0.5,0.6,0.84,0.6,2.3,2.8,2.9,1.1,0.5,1.3,2.1,7.3
80,Wendell Carter Jr.,C,23,ORL,23,20,30.6,5.7,10.8,0.53,1.3,3.5,0.363,4.5,7.3,0.609,0.588,3.2,4.1,0.779,2,6.6,8.6,2.9,0.4,0.7,2.3,3,16
81,Alex Caruso,PG,28,CHI,36,15,24.1,1.8,4.2,0.428,0.8,2.1,0.395,1,2.1,0.461,0.526,0.8,1.1,0.75,0.5,2.3,2.7,3.4,1.5,0.7,1.3,2.4,5.3
82,Julian Champagnie,SF,21,PHI,2,0,3.5,0,1,0,0,0.5,0,0,0.5,0,0,0,0,,0,0,0,0,0.5,0,0,0,0
83,Justin Champagnie,SF,21,TOR,3,0,3.7,1,1,1,0,0,,1,1,1,1,0,0,,0.3,1,1.3,0.3,0,0,0,0.3,2
84,Kennedy Chandler,PG,20,MEM,20,0,10.2,1.3,3.1,0.403,0.1,0.7,0.154,1.2,2.5,0.469,0.419,0.3,0.6,0.455,0.3,1.2,1.5,2.3,0.5,0.3,0.8,0.7,2.9
85,Max Christie,SG,19,LAL,23,1,13.5,1.3,3,0.414,0.8,1.8,0.439,0.5,1.3,0.379,0.543,0.2,0.3,0.833,0.2,2,2.2,0.6,0.1,0.1,0.3,0.7,3.5
86,Josh Christopher,SG,21,HOU,23,0,6.4,1,2.6,0.407,0.1,0.7,0.176,0.9,1.8,0.5,0.432,0.3,0.3,0.75,0.2,0.7,1,0.6,0.2,0,0.5,0.7,2.5
87,Brandon Clarke,PF,26,MEM,35,3,19.5,4.1,6.3,0.652,0,0.2,0.167,4.1,6.1,0.665,0.654,1.9,2.5,0.756,1.4,4.1,5.5,1.1,0.5,0.7,1.1,2.4,10.1
88,Jordan Clarkson,SG,30,UTA,43,43,32.5,7.4,16.4,0.451,2.7,7.6,0.359,4.7,8.9,0.53,0.534,3.1,3.8,0.812,1.1,2.7,3.9,4.5,0.5,0.2,2.8,2,20.7
89,Nic Claxton,C,23,BRK,37,37,28.3,5.3,7.2,0.738,0,0,0,5.3,7.2,0.741,0.738,1.2,2.6,0.469,2.5,5.9,8.3,1.5,0.8,2.6,1.2,2.8,11.9
90,Amir Coffey,SG,25,LAC,32,7,13.9,1.2,3.1,0.374,0.3,0.9,0.321,0.9,2.2,0.394,0.419,1.1,1.3,0.814,0.4,0.8,1.2,1.3,0.2,0.1,0.4,1.1,3.7
91,John Collins,PF,25,ATL,33,33,31.2,5.2,10.4,0.503,0.8,3.3,0.231,4.5,7.1,0.628,0.539,2.2,2.7,0.807,1.1,6.9,8.1,1.3,0.8,1.4,1.2,3.2,13.3
92,Zach Collins,PF,25,SAS,31,7,20.7,3.7,6.8,0.552,0.6,1.7,0.365,3.1,5.1,0.614,0.598,1.5,2.2,0.716,2.1,3.8,5.9,2.5,0.4,0.8,2,3.4,9.6
93,Mike Conley,PG,35,UTA,33,32,29.4,3.4,8.8,0.381,1.7,4.9,0.352,1.6,3.9,0.419,0.479,1.6,2.1,0.779,0.4,1.8,2.1,7.5,1,0.2,1.7,2.3,10.1
94,Pat Connaughton,SG,30,MIL,25,9,22.5,2.7,7.5,0.358,1.8,5.8,0.313,0.9,1.7,0.512,0.479,0.4,0.7,0.647,0.7,3.2,3.9,1,0.5,0.1,0.6,1.1,7.6
95,Robert Covington,PF,32,LAC,24,0,16.6,2,5.1,0.385,0.9,3,0.292,1.1,2.1,0.52,0.471,1,1.3,0.767,0.6,3.2,3.8,1.3,0.6,0.6,0.7,1.8,5.8
96,Torrey Craig,SF,32,PHO,40,31,25.3,3.3,7,0.477,1.4,3.5,0.407,1.9,3.5,0.547,0.579,0.6,0.7,0.786,2.1,3.6,5.7,1.5,0.7,0.7,0.8,2.4,8.6
97,Jarrett Culver,SG,23,ATL,10,1,13.7,1.7,4.3,0.395,0.1,1.2,0.083,1.6,3.1,0.516,0.407,0.9,1.3,0.692,1,2.8,3.8,0.6,0.6,0.2,0.7,1.4,4.4
98,Cade Cunningham,PG,21,DET,12,12,33.3,7.8,18.7,0.415,1.4,5.1,0.279,6.3,13.6,0.466,0.453,3,3.6,0.837,1,5.2,6.2,6,0.8,0.6,3.3,2.8,19.9
99,Seth Curry,SG,32,BRK,28,1,21.2,3.4,7.5,0.452,1.8,4.1,0.426,1.6,3.4,0.484,0.569,0.7,0.7,0.95,0.2,1.9,2.1,2.1,0.6,0.2,0.9,1.8,9.2
100,Stephen Curry,PG,34,GSW,27,27,34.3,10,20.2,0.495,5,11.7,0.429,5,8.5,0.585,0.619,4.7,5.1,0.914,0.6,5.7,6.4,6.7,1,0.3,3,2.1,29.7
101,Dyson Daniels,PG,19,NOP,33,6,18.8,1.7,3.8,0.444,0.5,1.5,0.36,1.1,2.2,0.5,0.516,0.5,0.8,0.577,0.7,2.7,3.4,2.2,0.8,0.2,0.8,1.9,4.3
102,Anthony Davis,C,29,LAL,25,25,33.4,10.2,17.2,0.594,0.4,1.2,0.29,9.8,15.9,0.618,0.605,6.6,8,0.826,3.1,9,12.1,2.6,1.3,2.1,1.9,2.7,27.4
103,Johnny Davis,SG,20,WAS,10,0,5,0.4,1.3,0.308,0,0.3,0,0.4,1,0.4,0.308,0.3,0.3,1,0.1,0.6,0.7,0.2,0,0.1,0.1,1.2,1.1
104,Terence Davis,SG,25,SAC,32,3,12.7,2.3,5.4,0.416,1.3,3.6,0.345,1,1.8,0.561,0.532,0.4,0.5,0.824,0.4,2,2.4,1.3,0.7,0.3,0.9,1.8,6.2
105,JD Davison,PG,20,BOS,3,0,2.7,0.3,1.3,0.25,0,0.7,0,0.3,0.7,0.5,0.25,0,0,,0,0.3,0.3,0.3,0.3,0,0.3,0,0.7
106,Dewayne Dedmon,C,33,MIA,29,0,11.7,2.2,4.3,0.512,0.4,1.2,0.306,1.8,3.1,0.596,0.556,1.1,1.5,0.727,1,2.7,3.7,0.5,0.2,0.4,0.7,2,5.9
107,Matthew Dellavedova,PG,32,SAC,18,0,6,0.5,1.4,0.36,0.2,0.6,0.364,0.3,0.8,0.357,0.44,0.1,0.2,0.333,0.1,0.2,0.3,1.2,0.3,0,0.3,0.7,1.3
108,DeMar DeRozan,SF,33,CHI,41,41,36,9.3,18.4,0.506,0.4,1.4,0.271,8.9,16.9,0.526,0.517,7.1,8,0.887,0.5,4.5,5,4.9,1,0.5,2,2.7,26.1
109,Moussa Diabaté,PF,21,LAC,8,1,11.3,1.6,3,0.542,0,0,,1.6,3,0.542,0.542,0.9,1.1,0.778,2.5,1.5,4,0.3,0.4,0.1,0.6,1.3,4.1
110,Mamadi Diakite,PF,26,CLE,13,2,6.8,0.8,1.8,0.478,0.3,1,0.308,0.5,0.8,0.7,0.565,0,0,,0.2,0.6,0.8,0.2,0.2,0.4,0.5,0.8,2
111,Hamidou Diallo,SG,24,DET,37,0,16,3,5.4,0.552,0.1,0.5,0.278,2.9,4.9,0.579,0.565,1.5,2.6,0.573,1.1,2.2,3.4,0.9,0.7,0.2,1,2,7.6
112,Gorgui Dieng,C,33,SAS,13,1,11.6,1.5,3.7,0.417,0.8,2.5,0.303,0.8,1.2,0.667,0.521,0.2,0.3,0.75,1.1,2.2,3.2,2,0.1,0.5,0.9,1.8,4.1
113,Ousmane Dieng,SF,19,OKC,14,0,15.7,1.8,4.2,0.424,0.7,2.4,0.294,1.1,1.8,0.6,0.508,0.1,0.3,0.25,0.4,2.4,2.9,1.4,0.4,0.3,0.5,0.9,4.4
114,Spencer Dinwiddie,PG,29,DAL,41,41,33.3,5.6,12.1,0.458,2.5,6.2,0.402,3,5.9,0.517,0.561,2.5,3,0.829,0.4,2.7,3.1,5.2,0.8,0.3,1.6,2.3,16.1
115,Donte DiVincenzo,SG,26,GSW,31,11,23.8,2.5,6.3,0.393,1.7,4.5,0.377,0.8,1.9,0.431,0.526,0.6,0.8,0.833,1,3.7,4.7,2.9,1.3,0.1,1.4,1.9,7.3
116,Luka Dončić,PG,23,DAL,38,38,37.1,11.4,22.8,0.501,2.9,8.1,0.354,8.5,14.7,0.582,0.564,8.6,11.6,0.743,0.9,7.9,8.9,8.7,1.6,0.6,3.7,2.9,34.2
117,Tyler Dorsey,SG,26,DAL,3,0,2.7,1.3,1.7,0.8,0.3,0.7,0.5,1,1,1,0.9,0,0,,0.3,0.3,0.7,0,0,0,0,0,3
118,Luguentz Dort,SG,23,OKC,40,40,30.2,4.9,12,0.407,1.8,5.4,0.341,3.1,6.6,0.46,0.483,2.6,3.5,0.755,1.4,2.9,4.3,2.3,1.1,0.3,1.5,3.3,14.2
119,Ayo Dosunmu,PG,23,CHI,40,32,27.5,3.9,7.8,0.506,0.9,2.7,0.327,3.1,5.1,0.601,0.563,0.9,1.2,0.787,0.7,2.5,3.1,2.6,0.8,0.3,1.3,2.5,9.7
120,Devon Dotson,PG,23,WAS,6,0,8.8,0.2,1.7,0.1,0.2,0.7,0.25,0,1,0,0.15,0,0,,1,0.7,1.7,1.3,0.8,0,0.5,1.5,0.5
121,Jeff Dowtin,PG,25,TOR,12,0,7.2,1,1.9,0.522,0.1,0.3,0.25,0.9,1.6,0.579,0.543,0.3,0.3,1,0.4,0.7,1.1,0.9,0.2,0.1,0.2,0.4,2.3
122,PJ Dozier,SG,26,SAC,2,0,3.5,0.5,1,0.5,0.5,1,0.5,0,0,,0.75,0,0,,0,0.5,0.5,0,0.5,0,0,0,1.5
123,Goran Dragić,PG,36,CHI,39,0,16.6,2.9,6.6,0.432,1,2.7,0.377,1.8,3.9,0.471,0.51,0.6,0.9,0.639,0.3,1.2,1.5,2.8,0.2,0.1,1.1,1.3,7.4
124,Andre Drummond,C,29,CHI,34,0,13.5,2.6,4.4,0.601,0,0.1,0,2.6,4.3,0.61,0.601,0.9,1.7,0.561,2.2,4.6,6.8,0.7,0.6,0.3,1.1,2,6.2
125,Chris Duarte,SF,25,IND,21,5,16.4,2.1,6.5,0.321,0.9,3.4,0.268,1.2,3.1,0.379,0.391,1,1.2,0.84,0.2,1.9,2.1,1.1,0.1,0.3,0.9,1.4,6.1
126,David Duke Jr.,SG,23,BRK,14,0,9,1.4,3.1,0.442,0,0.4,0,1.4,2.6,0.514,0.442,0.3,0.6,0.5,0.4,0.6,1.1,0.9,0.4,0.1,0.9,1.6,3
127,Kevin Durant,PF,34,BRK,39,39,36,10.5,18.8,0.559,1.8,4.8,0.376,8.7,14,0.622,0.607,6.8,7.3,0.934,0.4,6.4,6.7,5.3,0.8,1.5,3.5,2.4,29.7
128,Jalen Duren,C,19,DET,39,15,24.4,3.3,5.2,0.634,0,0,0,3.3,5.2,0.637,0.634,1.1,1.9,0.573,3.4,5.1,8.5,1,0.6,0.7,1.2,2.6,7.7
129,Tari Eason,PF,21,HOU,41,0,18.8,3,7.1,0.423,0.8,2,0.369,2.2,5,0.444,0.476,1.1,1.4,0.797,1.9,3.4,5.3,0.9,1.1,0.5,1,2.1,7.9
130,Anthony Edwards,SG,21,MIN,42,42,36.2,8.5,18.5,0.456,2.5,7.1,0.359,5.9,11.5,0.516,0.524,4.1,5.5,0.752,0.6,5.4,6,4.4,1.6,0.5,3.2,2.7,23.6
131,Kessler Edwards,SF,22,BRK,13,1,5.7,0.5,1.7,0.273,0.2,0.8,0.182,0.3,0.8,0.364,0.318,0.1,0.2,0.5,0.5,0.6,1.1,0.2,0.2,0.1,0.3,0.2,1.2
132,Keon Ellis,SG,23,SAC,4,0,2.8,0.3,0.5,0.5,0.3,0.5,0.5,0,0,,0.75,0,0,,0,0.5,0.5,0.3,0,0,0,0.5,0.8
133,Joel Embiid,C,28,PHI,29,29,35.1,11.3,21.1,0.534,1.1,3.1,0.341,10.2,18,0.568,0.56,10,11.6,0.858,1.8,8.1,9.9,4.4,1.1,1.7,3.8,3.4,33.6
134,Drew Eubanks,C,25,POR,38,5,18.3,2.4,3.2,0.74,0.1,0.1,0.667,2.3,3.2,0.742,0.748,0.9,1.3,0.667,1.4,2.9,4.3,0.9,0.5,1,0.9,2.1,5.7
135,Bruno Fernando,C,24,HOU,22,4,11.2,1.4,2.5,0.554,0,0,0,1.4,2.5,0.564,0.554,0.8,1.3,0.621,1.4,2.1,3.5,1,0.2,0.7,0.5,2.1,3.6
136,Dorian Finney-Smith,PF,29,DAL,31,31,31.6,3,7.5,0.401,1.9,5.4,0.345,1.1,2.1,0.547,0.526,0.5,0.8,0.64,1.4,2.6,4,1.2,1,0.5,0.9,1.9,8.4
137,Malachi Flynn,PG,24,TOR,29,1,15.1,2,5.4,0.373,1.2,3,0.391,0.9,2.4,0.352,0.481,0.4,0.6,0.765,0.3,1.3,1.7,1.5,0.3,0.1,0.6,1.6,5.7
138,Simone Fontecchio,SF,27,UTA,22,0,8.9,1.2,3.3,0.375,0.8,2.3,0.353,0.4,1,0.429,0.5,0.4,0.6,0.643,0.5,0.7,1.1,0.4,0.1,0.2,0.5,0.9,3.7
139,Bryn Forbes,SG,29,MIN,22,0,10.7,1.1,3.4,0.338,0.5,1.8,0.256,0.7,1.6,0.429,0.405,0.6,0.6,1,0.2,0.4,0.6,0.6,0.3,0,0.4,0.9,3.3
140,Trent Forrest,PG,24,ATL,15,3,14.1,1.5,3.1,0.478,0,0.1,0,1.5,2.9,0.5,0.478,0.1,0.2,0.667,0.3,1.4,1.7,1.9,0.4,0.1,0.5,0.9,3.1
141,Michael Foster Jr.,PF,20,PHI,1,0,1,0,0,,0,0,,0,0,,,0,0,,0,0,0,0,0,0,0,0,0
142,Evan Fournier,SG,30,NYK,19,7,18.4,2.3,6.5,0.35,1.3,4.2,0.313,0.9,2.3,0.419,0.451,0.8,1,0.842,0.1,1.9,2.1,1.5,0.6,0.2,0.9,1.8,6.7
143,De'Aaron Fox,PG,25,SAC,37,37,33,8.8,17.6,0.502,1.6,4.9,0.33,7.2,12.6,0.568,0.548,4.6,5.7,0.797,0.4,4,4.4,6.1,0.9,0.4,2.6,2.5,23.8
144,Markelle Fultz,SG,24,ORL,21,21,27.8,5.1,10.4,0.491,0.4,1.3,0.321,4.7,9,0.516,0.511,1.4,2,0.69,1.3,2.9,4.1,5.6,1.7,0.3,2.2,2,12
145,Wenyen Gabriel,PF,25,LAL,32,2,14.7,2.4,3.8,0.618,0.3,0.6,0.421,2.1,3.3,0.654,0.65,0.9,1.3,0.7,1.6,2.4,3.9,0.5,0.3,0.6,0.8,2.1,5.9
146,Daniel Gafford,C,24,WAS,41,10,16.8,3.2,4.3,0.75,0,0,,3.2,4.3,0.75,0.75,1.3,2.2,0.596,1.9,2.9,4.8,0.7,0.3,1.1,0.9,2.1,7.7
147,Darius Garland,PG,23,CLE,33,33,35.9,7.4,16.5,0.449,2.4,6.1,0.39,5.1,10.5,0.483,0.52,4.2,4.8,0.862,0.4,2.3,2.7,7.8,1.2,0.2,3.1,2.1,21.4
148,Usman Garuba,PF,20,HOU,39,1,14.3,1.3,2.5,0.521,0.2,0.6,0.409,1.1,1.9,0.554,0.568,0.5,0.9,0.559,1.9,3,4.8,1,0.7,0.5,0.7,1.8,3.3
149,Luka Garza,C,24,MIN,11,0,6.7,1.7,3,0.576,0.1,0.7,0.125,1.6,2.3,0.72,0.591,1.5,1.7,0.895,0.6,1.1,1.7,0.4,0.1,0.1,0.4,1.3,5.1
150,Rudy Gay,SF,36,UTA,30,0,15.2,1.7,4.8,0.364,0.6,2.5,0.23,1.2,2.3,0.507,0.423,0.5,0.7,0.762,0.6,2.4,3.1,0.7,0.5,0.4,0.6,1.3,4.6
151,Paul George,SF,32,LAC,30,30,33.9,8.1,18,0.451,3.1,8,0.385,5,10,0.503,0.536,4.5,5,0.887,0.6,5.3,6,5.1,1.5,0.4,3.5,2.6,23.7
152,Taj Gibson,PF,37,WAS,25,2,9.7,1.4,2.7,0.537,0.1,0.6,0.214,1.3,2.1,0.623,0.56,0.7,1,0.72,0.6,1.2,1.8,0.6,0.4,0.3,0.5,1.9,3.7
153,Josh Giddey,SG,20,OKC,36,36,30.8,6.6,13.9,0.47,1.1,3.2,0.342,5.5,10.8,0.508,0.509,1.1,1.4,0.788,1.9,6.1,8,5.6,0.7,0.4,3.1,2.1,15.3
154,Shai Gilgeous-Alexander,SG,24,OKC,37,37,35.7,10.3,20.5,0.501,1,2.9,0.349,9.3,17.6,0.526,0.526,9.3,10.2,0.91,0.8,3.9,4.8,5.6,1.6,1.1,3.3,2.8,30.8
155,Anthony Gill,PF,30,WAS,34,4,9.8,1.2,2,0.594,0.1,0.5,0.118,1.1,1.5,0.75,0.609,0.5,0.6,0.818,0.5,0.8,1.4,0.4,0.1,0.1,0.1,1.2,3
156,Rudy Gobert,C,30,MIN,36,36,31.6,5.4,8,0.677,0,0.1,0,5.4,7.9,0.684,0.677,3.2,4.8,0.671,3.6,8.4,12,0.9,0.8,1.3,1.8,3.1,14.1
157,Jordan Goodwin,PG,24,WAS,33,3,18.9,2.7,5.5,0.481,0.7,1.7,0.421,1.9,3.8,0.508,0.546,0.8,1.1,0.73,1,2.5,3.5,2.8,1,0.5,1,1.8,6.9
158,Aaron Gordon,PF,27,DEN,36,36,29.7,6.3,10.8,0.587,0.9,2.5,0.367,5.4,8.3,0.653,0.629,3,4.6,0.645,2.5,4.4,6.9,2.3,0.9,0.8,1.6,1.8,16.5
159,Eric Gordon,SG,34,HOU,35,35,29.7,4,9.5,0.423,1.9,5.3,0.362,2.1,4.2,0.5,0.524,1.8,2.2,0.831,0.3,1.7,1.9,2.4,0.5,0.3,1.6,0.8,11.7
160,Devonte' Graham,PG,27,NOP,42,0,15.1,1.5,4.3,0.356,1.1,3.4,0.326,0.4,0.9,0.472,0.486,0.9,1.1,0.771,0.3,1.2,1.5,2.2,0.5,0.2,0.5,0.8,5
161,Jerami Grant,PF,28,POR,38,38,36.1,7.4,15.3,0.486,2.5,6,0.423,4.9,9.3,0.527,0.569,4.6,5.7,0.797,1.1,3.3,4.4,2.6,0.8,0.8,1.8,2.3,21.9
162,A.J. Green,SG,23,MIL,18,0,8.7,1.5,3.1,0.491,1,2.4,0.409,0.5,0.6,0.818,0.655,0.2,0.2,1,0.2,0.9,1.1,0.4,0.2,0,0.2,1.1,4.2
163,Draymond Green,PF,32,GSW,37,37,31.4,3.1,6.2,0.498,0.6,1.9,0.319,2.5,4.2,0.58,0.548,0.9,1.3,0.702,0.8,6.1,6.9,6.7,0.8,0.8,2.4,2.9,7.7
164,Jalen Green,SG,20,HOU,41,41,34.5,7.1,17.6,0.404,2.4,7.4,0.319,4.8,10.2,0.467,0.472,4.7,6,0.791,0.6,3.8,4.4,3.6,0.8,0.2,2.9,1.7,21.3
165,JaMychal Green,PF,32,GSW,28,1,14.9,2.3,4.5,0.512,0.5,1.8,0.265,1.8,2.7,0.671,0.564,0.8,1.1,0.733,1.4,2.6,4,0.8,0.5,0.4,1.1,2,5.8
166,Javonte Green,SG,29,CHI,28,1,16,2.2,3.7,0.587,0.5,1.2,0.382,1.7,2.5,0.686,0.649,1,1.5,0.674,0.9,2,2.9,0.8,0.8,0.7,0.7,1.7,5.9
167,Jeff Green,PF,36,DEN,24,3,19.3,2.8,5.4,0.527,0.3,1.3,0.267,2.5,4.1,0.606,0.558,1.5,2.1,0.686,0.9,1.9,2.8,1.1,0.4,0.3,1,1.8,7.5
168,Josh Green,SG,22,DAL,25,1,20.3,2.4,4.1,0.583,1,2.2,0.444,1.4,2,0.735,0.699,1.3,1.8,0.711,0.9,1.4,2.3,1.2,0.9,0,0.7,2.5,7
169,AJ Griffin,SF,19,ATL,37,10,20.9,3.9,8.4,0.469,1.6,4.3,0.369,2.3,4,0.577,0.565,0.4,0.4,0.875,0.6,1.6,2.2,1,0.9,0.1,0.7,1.2,9.8
170,Blake Griffin,PF,33,BOS,17,8,14.4,1.7,3.5,0.492,0.5,1.5,0.32,1.2,2,0.618,0.559,0.9,1.2,0.714,0.9,2.8,3.6,1.2,0.3,0.1,0.4,1.9,4.8
171,Quentin Grimes,SG,22,NYK,31,26,28.8,3.7,8,0.462,1.9,5.2,0.375,1.7,2.8,0.621,0.583,1.2,1.5,0.8,0.8,2.6,3.4,2,0.8,0.5,1.2,2.7,10.5
172,Rui Hachimura,PF,24,WAS,26,0,24.1,5.2,10.5,0.493,0.9,2.6,0.353,4.2,7.8,0.539,0.537,1.7,2.2,0.768,0.7,3.8,4.5,1.2,0.4,0.4,1.3,1.3,12.9
173,Tyrese Haliburton,PG,22,IND,40,40,33.4,7.3,15.1,0.48,3,7.4,0.399,4.3,7.7,0.558,0.578,2.8,3.1,0.88,0.7,3.3,4,10.2,1.8,0.4,2.6,1.1,20.2
174,Jordan Hall,SF,21,SAS,9,0,9.2,1,3.1,0.321,0.3,1.7,0.2,0.7,1.4,0.462,0.375,0.8,1,0.778,0.3,1,1.3,1.2,0.1,0,0.8,0.7,3.1
175,R.J. Hampton,PG,21,ORL,25,0,14.4,2,4.6,0.439,0.7,2.1,0.34,1.3,2.4,0.525,0.518,1.2,1.5,0.838,0.4,1.2,1.6,1.4,0.6,0.2,0.8,0.9,6
176,Tim Hardaway Jr.,SG,30,DAL,40,23,28.9,4.6,11.9,0.388,2.9,7.9,0.366,1.7,4,0.431,0.509,1.9,2.4,0.789,0.3,2.9,3.1,1.6,0.9,0.1,0.9,1.6,14
177,James Harden,SG,33,PHI,25,25,37.2,6.6,15.2,0.436,2.7,7.2,0.376,3.9,8,0.49,0.525,5.8,6.7,0.862,0.6,5.8,6.5,11,1.4,0.6,3.5,2,21.8
178,Jaden Hardy,SG,20,DAL,15,0,10.5,2,5,0.4,0.5,1.9,0.25,1.5,3.1,0.489,0.447,1,1.1,0.882,0,1.2,1.2,0.5,0.2,0.1,0.5,1.4,5.5
179,Ron Harper Jr.,SF,22,TOR,2,0,4,1,2,0.5,1,1.5,0.667,0,0.5,0,0.75,0,0,,0,0.5,0.5,0,0,0,0,0,3
180,Montrezl Harrell,C,29,PHI,36,6,12.7,2.3,3.9,0.592,0,0.1,0,2.3,3.9,0.6,0.592,1.4,2,0.732,1.1,1.6,2.8,0.7,0.3,0.6,0.7,1.5,6.1
181,Gary Harris,SG,28,ORL,14,8,24.4,3.2,6.8,0.474,1.4,3.4,0.396,1.9,3.4,0.553,0.574,1.2,1.4,0.895,0.4,1.9,2.3,1.4,0.8,0.2,1.1,2.3,9
182,Joe Harris,SG,31,BRK,33,18,24.5,2.9,6.8,0.429,1.7,4.5,0.376,1.2,2.3,0.533,0.554,0.4,0.6,0.667,0.4,2.4,2.8,1.5,0.6,0.3,0.5,2.5,7.9
183,Kevon Harris,SG,25,ORL,26,0,12.6,1.2,2.9,0.421,0.4,1.1,0.393,0.8,1.8,0.438,0.493,0.8,1,0.815,0.8,1.2,2,0.5,0.5,0.1,0.6,1.3,3.7
184,Tobias Harris,PF,30,PHI,37,37,34.2,6.5,13,0.498,1.9,5.1,0.385,4.5,7.9,0.57,0.573,1.6,1.8,0.879,1.1,5.3,6.4,2.6,1.1,0.5,1.3,2.1,16.4
185,Josh Hart,SG,27,POR,38,38,34.7,3.7,7.1,0.515,0.7,1.9,0.351,3,5.2,0.577,0.563,1.8,2.4,0.756,2.1,6.4,8.4,4.2,1.2,0.2,1.7,2.7,9.8
186,Isaiah Hartenstein,C,24,NYK,42,7,18.9,2.1,4.4,0.486,0.2,0.8,0.242,2,3.6,0.539,0.508,0.7,0.9,0.757,2.7,3.5,6.2,0.7,0.6,0.7,0.8,2.4,5.1
187,Udonis Haslem,PF,42,MIA,5,1,7.2,0.2,2,0.1,0,0.2,0,0.2,1.8,0.111,0.1,0.2,0.4,0.5,0.6,0.6,1.2,0,0.2,0.2,0,1.4,0.6
188,Sam Hauser,PF,25,BOS,42,0,15.2,2,4.6,0.443,1.6,3.9,0.406,0.5,0.7,0.655,0.616,0.2,0.3,0.615,0.4,2,2.4,0.7,0.3,0.2,0.4,1.1,5.9
189,Jaxson Hayes,C,22,NOP,22,1,13.5,1.8,3.4,0.533,0.1,0.8,0.167,1.7,2.6,0.649,0.553,1.1,1.7,0.649,0.9,2.2,3,0.9,0.3,0.5,0.6,1.4,4.9
190,Killian Hayes,PG,21,DET,42,29,26.4,3.9,10,0.393,1.2,3.6,0.327,2.8,6.4,0.43,0.451,0.8,1,0.81,0.4,2.5,2.9,5.6,1.2,0.4,1.9,2.9,9.8
191,Gordon Hayward,SF,32,CHO,21,21,32.7,5.1,12,0.423,1.1,3.8,0.3,4,8.2,0.48,0.47,2.3,3,0.766,0.9,3.9,4.7,3.9,0.8,0.2,2.1,1.1,13.7
192,Juancho Hernangómez,PF,27,TOR,28,10,17.1,1.5,3.4,0.457,0.5,1.9,0.283,1,1.5,0.683,0.537,0.2,0.4,0.455,0.8,2.7,3.5,0.6,0.5,0.2,0.5,1.1,3.8
193,Willy Hernangómez,C,28,NOP,21,0,11.8,2.3,4.4,0.516,0,0.3,0.167,2.2,4.1,0.54,0.522,2.2,2.8,0.797,2,2.7,4.7,0.9,0.3,0.3,1.1,1.6,6.9
194,Tyler Herro,SG,23,MIA,32,32,35.4,7.5,16.8,0.445,3.3,8.5,0.392,4.2,8.3,0.5,0.545,2.8,3.1,0.918,0.5,5.5,6,4.4,1,0.3,2.6,1.8,21.2
195,Buddy Hield,SG,30,IND,42,42,31.9,6.5,14.3,0.457,3.9,9.2,0.427,2.6,5.1,0.509,0.594,1.2,1.4,0.867,0.8,4.1,4.9,2.6,1,0.3,1.8,1.9,18.3
196,Haywood Highsmith,SF,26,MIA,29,7,19.8,1.8,4.5,0.397,0.7,2.2,0.328,1.1,2.3,0.463,0.477,0.2,0.6,0.375,1.1,2.7,3.7,0.7,0.9,0.3,0.9,1.5,4.5
197,George Hill,PG,36,MIL,31,0,19.8,1.7,3.8,0.437,0.6,2.1,0.308,1,1.7,0.593,0.521,1,1.4,0.727,0.4,1.7,2.1,2.6,0.5,0.1,0.9,1.2,5
198,Malcolm Hill,SF,27,CHI,3,0,0.3,0,0,,0,0,,0,0,,,0,0,,0,0.3,0.3,0,0,0,0,0,0
199,Aaron Holiday,PG,26,ATL,37,4,16.2,1.8,4.1,0.43,0.6,1.5,0.421,1.1,2.5,0.436,0.51,0.6,0.7,0.846,0.4,1,1.5,1.6,0.6,0.2,0.6,1.5,4.8
200,Jrue Holiday,PG,32,MIL,30,28,32.2,6.8,15.2,0.447,2.3,6.2,0.373,4.5,9,0.498,0.523,2.5,2.8,0.892,1.2,3.8,5,7.1,1.4,0.4,3.2,1.9,18.4
201,Justin Holiday,SG,33,ATL,27,0,15,1.7,4.5,0.377,1.1,3.1,0.341,0.6,1.4,0.459,0.496,0,0,,0.1,0.8,0.9,0.9,0.2,0.4,0.4,1.3,4.5
202,Richaun Holmes,PF,29,SAC,26,0,9,1.2,1.9,0.633,0.1,0.1,0.667,1.1,1.8,0.63,0.653,0.3,0.3,0.778,0.7,1.3,2,0.2,0.1,0.3,0.3,1.4,2.7
203,Al Horford,C,36,BOS,33,33,30.4,3.5,7.3,0.488,2,4.7,0.435,1.5,2.6,0.581,0.627,0.2,0.3,0.6,1.1,5.2,6.3,2.6,0.5,1,0.6,1.7,9.3
204,Talen Horton-Tucker,SG,22,UTA,34,1,15.7,2.6,6.5,0.392,0.6,2.7,0.242,1.9,3.9,0.496,0.441,1,1.4,0.739,0.5,1.9,2.4,2.4,0.8,0.3,1.2,1.4,6.8
205,Danuel House Jr.,SF,29,PHI,31,2,16.8,1.7,3.6,0.477,0.7,2.1,0.338,1,1.5,0.674,0.577,0.9,1.2,0.75,0.2,1.8,2,0.8,0.2,0.2,0.5,1.4,5
206,Caleb Houstan,SF,20,ORL,30,2,16.5,1.3,3.5,0.381,0.9,2.6,0.364,0.4,0.9,0.429,0.514,0.4,0.4,0.846,0.7,1.6,2.3,0.6,0.2,0.1,0.3,1.4,4
207,Trevor Hudgins,PG,23,HOU,1,0,4,1,1,1,1,1,1,0,0,,1.5,0,0,,0,0,0,0,0,0,0,0,3
208,Kevin Huerter,SG,24,SAC,38,38,31.3,5.7,11.7,0.482,3,7.1,0.42,2.7,4.7,0.576,0.609,1.6,2.1,0.728,0.6,2.8,3.3,2.9,1.1,0.3,1.6,2.7,15.8
209,De'Andre Hunter,SF,25,ATL,33,33,31.6,5.5,12.3,0.449,1.5,4.2,0.35,4.1,8.1,0.5,0.509,3,3.6,0.817,0.7,3.7,4.5,1.2,0.5,0.2,1.3,3,15.5
210,Bones Hyland,PG,22,DEN,33,1,20.8,4.6,11.1,0.417,2.6,6.2,0.417,2.1,4.9,0.417,0.533,1.8,2.1,0.843,0.3,1.9,2.2,3.2,0.6,0.3,1.8,1.8,13.6
211,Serge Ibaka,PF,33,MIL,16,0,11.6,1.6,3.4,0.481,0.4,1.1,0.333,1.3,2.3,0.556,0.537,0.5,0.8,0.615,0.9,1.8,2.8,0.3,0.1,0.4,0.7,1.4,4.1
212,Andre Iguodala,SF,39,GSW,2,0,12.5,0.5,0.5,1,0,0,,0.5,0.5,1,1,0,0,,0.5,1,1.5,2,0,0,1.5,2,1
213,Joe Ingles,SF,35,MIL,11,0,19.8,2.2,6.4,0.343,1.6,5.3,0.31,0.5,1.1,0.5,0.471,0.3,0.3,1,0.5,1.4,1.8,3.6,0.4,0.1,1.9,1.4,6.3
214,Brandon Ingram,SF,25,NOP,15,15,32.1,7.3,15.4,0.472,1.9,4,0.467,5.4,11.4,0.474,0.532,4.4,5.1,0.868,0.5,4.6,5.1,4.7,0.9,0.7,2.8,2.2,20.8
215,Kyrie Irving,PG,30,BRK,30,30,36.5,9.7,19.8,0.488,3.1,8.6,0.366,6.5,11.2,0.582,0.567,3.6,3.9,0.907,0.9,4,4.9,4.7,0.8,0.8,2.2,2.6,26
216,Jaden Ivey,SG,20,DET,41,40,29.9,5.2,12.4,0.416,1.4,4,0.339,3.8,8.4,0.452,0.471,3.4,4.7,0.723,1,3,4,4.2,1,0.2,2.8,3,15.1
217,Isaiah Jackson,PF,21,IND,31,3,15.7,2.6,4.6,0.563,0,0.2,0.143,2.5,4.4,0.585,0.567,1.7,2.5,0.688,1.3,2.6,3.9,1,0.5,1.2,0.9,2.3,6.9
218,Jaren Jackson Jr.,C,23,MEM,25,25,26.3,6,11.6,0.516,1.5,4.1,0.369,4.4,7.4,0.597,0.581,3.4,4.4,0.766,2,4.7,6.6,0.9,1,3.2,1.5,3.1,16.8
219,Justin Jackson,SF,27,BOS,18,0,4.4,0.3,1.2,0.238,0.2,0.8,0.267,0.1,0.3,0.167,0.333,0.1,0.1,0.5,0.1,0.4,0.5,0.4,0.2,0.2,0.1,0.3,0.8
220,Reggie Jackson,PG,32,LAC,39,38,27.6,4.2,10.3,0.413,1.5,4.3,0.341,2.8,6,0.464,0.484,1.4,1.5,0.915,0.5,2,2.4,3.7,0.6,0.1,2,1.9,11.3
221,LeBron James,PF,38,LAL,31,31,35.9,11.4,22.3,0.51,2,6.7,0.295,9.4,15.6,0.602,0.554,4.4,5.8,0.756,1.2,7,8.2,6.7,1,0.5,3.3,1.7,29.1
222,Ty Jerome,SG,25,GSW,25,1,17.7,2.7,5.4,0.496,0.8,2.2,0.382,1.8,3.2,0.575,0.574,1,1,0.962,0.1,1.5,1.6,2.3,0.3,0.1,0.7,1.4,7.2
223,Isaiah Joe,SG,23,OKC,34,1,13.5,2.3,4.9,0.461,1.7,3.9,0.435,0.6,1.1,0.556,0.632,0.8,1,0.8,0.3,1.7,2,1.1,0.6,0.1,0.4,1.5,7
224,Alize Johnson,PF,26,SAS,4,0,7.5,0.8,1.5,0.5,0,0.5,0,0.8,1,0.75,0.5,0.3,0.5,0.5,0.5,2,2.5,0.3,0.3,0,1,0.8,1.8
225,Cameron Johnson,PF,26,PHO,8,8,25.3,4.6,10.4,0.446,2.8,6.4,0.431,1.9,4,0.469,0.578,1,1.4,0.727,0.6,2.8,3.4,1.8,1.1,0.4,0.3,1.8,13
226,Jalen Johnson,SF,21,ATL,39,6,15.1,2.1,4.4,0.468,0.4,1.6,0.254,1.6,2.8,0.593,0.515,0.8,1.2,0.733,0.7,2.9,3.6,1,0.5,0.5,0.5,1.6,5.4
227,James Johnson,PF,35,IND,10,1,8.4,0.7,2,0.35,0.1,0.7,0.143,0.6,1.3,0.462,0.375,0,0,,0,1.1,1.1,0.7,0.3,0.4,0.3,1.9,1.5
228,Keldon Johnson,SF,23,SAS,36,36,32.1,7.4,17.5,0.424,2.4,7.1,0.342,5,10.3,0.481,0.494,4,5.2,0.766,0.8,3.9,4.8,2.7,0.7,0.2,2.2,2,21.3
229,Keon Johnson,SG,20,POR,20,0,12.2,2,5.3,0.368,0.9,2.6,0.333,1.1,2.8,0.4,0.448,0.3,0.7,0.385,0.4,1.4,1.7,1.1,0.6,0.2,1.3,1.3,5
230,Stanley Johnson,SF,26,SAS,15,0,13.9,2.4,4.1,0.581,0.9,1.8,0.481,1.5,2.3,0.657,0.685,0.8,1.3,0.6,0.4,2.2,2.6,2.1,0.3,0.3,0.9,1.8,6.5
231,Nikola Jokić,C,27,DEN,38,38,33.3,9.4,15.2,0.618,0.9,2.3,0.375,8.5,12.9,0.661,0.646,5.2,6.4,0.812,2.1,8.9,11,9.7,1.4,0.6,3.4,2.8,24.9
232,Damian Jones,C,27,LAL,19,1,8.9,1.1,1.9,0.556,0,0.2,0,1.1,1.7,0.606,0.556,0.8,1.1,0.75,0.9,1.9,2.8,0.2,0.2,0.6,0.4,0.8,2.9
233,Derrick Jones Jr.,SF,25,CHI,31,0,14.4,2,3.7,0.534,0.4,1.2,0.351,1.6,2.5,0.62,0.591,1.2,1.5,0.792,0.8,1.6,2.5,0.6,0.5,0.6,0.5,1.5,5.6
234,Herbert Jones,SF,24,NOP,29,29,28,3.4,7.9,0.426,0.8,2.8,0.296,2.6,5.1,0.497,0.478,2.4,3.1,0.775,1.2,2.5,3.7,2.1,1.5,0.7,1.2,3.3,10
235,Kai Jones,C,22,CHO,24,0,9.4,1.2,2.3,0.5,0.1,0.5,0.273,1,1.9,0.556,0.527,0.3,0.5,0.727,0.8,1.3,2.1,0.2,0.2,0.5,0.4,1.3,2.8
236,Tre Jones,PG,23,SAS,41,41,29.9,5.2,11.8,0.444,0.8,2.7,0.279,4.5,9,0.493,0.476,2.3,2.6,0.889,0.8,2.9,3.7,6.4,1.4,0.2,1.9,1.6,13.5
237,Tyus Jones,PG,26,MEM,41,7,23.7,4.1,9.1,0.453,1.6,4,0.396,2.5,5.1,0.498,0.54,1.1,1.4,0.776,0.4,1.9,2.2,4.8,1,0,1,0.4,10.9
238,DeAndre Jordan,C,34,DEN,28,3,14,2,2.6,0.757,0,0,1,2,2.6,0.753,0.764,0.6,1.3,0.472,1.3,3.8,5.1,0.8,0.2,0.7,1,1.7,4.6
239,Cory Joseph,PG,31,DET,35,2,15.6,1.7,4.2,0.392,0.6,1.8,0.313,1.1,2.4,0.452,0.459,0.7,1,0.765,0.3,1,1.3,3.1,0.4,0.1,0.7,1.5,4.6
240,Nikola Jović,PF,19,MIA,15,8,13.6,1.9,4.6,0.406,0.5,2.3,0.229,1.3,2.3,0.588,0.464,1.2,1.3,0.947,0.6,1.5,2.1,0.7,0.5,0.1,0.7,1.3,5.5
241,Mfiondu Kabengele,PF,25,BOS,1,0,8,1,2,0.5,0,1,0,1,1,1,0.5,0,0,,3,1,4,0,0,0,0,1,2
242,Frank Kaminsky,C,29,ATL,21,0,7.6,1.1,1.9,0.59,0.5,1,0.5,0.6,0.8,0.706,0.731,0.5,0.6,0.833,0.1,1.5,1.6,0.9,0.1,0,0.3,0.9,3.2
243,Trevor Keels,SG,19,NYK,1,0,1,0,1,0,0,1,0,0,0,,0,0,0,,0,1,1,0,0,0,0,0,0
244,Luke Kennard,SG,26,LAC,29,8,22.1,3.1,6.3,0.489,1.9,4,0.462,1.2,2.3,0.537,0.636,0.7,0.7,0.95,0.2,2.3,2.5,1.2,0.6,0.1,0.9,1.4,8.7
245,Walker Kessler,C,21,UTA,41,7,19,3,4.2,0.703,0,0,,3,4.2,0.703,0.703,1,1.7,0.557,2.5,4.2,6.7,0.7,0.3,1.9,0.7,2.3,6.9
246,Braxton Key,SF,25,DET,3,0,3,0.3,0.3,1,0,0,,0.3,0.3,1,1,0.7,0.7,1,0,0.3,0.3,0,0,0,0,0,1.3
247,Corey Kispert,SF,23,WAS,34,22,28,3.4,7.1,0.475,1.8,4.4,0.413,1.5,2.6,0.578,0.604,1.1,1.3,0.818,0.5,2.3,2.8,1.4,0.6,0.1,0.8,1.4,9.6
248,Maxi Kleber,C,31,DAL,22,0,25.6,2.3,4.7,0.49,1.1,3,0.369,1.2,1.8,0.692,0.606,0.5,0.6,0.786,0.9,2.7,3.5,1,0.3,1,0.6,2.2,6.2
249,Nathan Knight,PF,25,MIN,20,0,5.8,0.9,1.4,0.643,0.1,0.3,0.4,0.8,1.2,0.696,0.679,0.9,1.3,0.68,0.5,0.8,1.3,0.3,0.2,0.1,0.6,0.8,2.8
250,Kevin Knox,SF,23,DET,35,1,14.4,2,4.5,0.446,1,2.9,0.353,1,1.6,0.618,0.561,0.7,0.8,0.793,0.4,2,2.4,0.4,0.3,0.3,0.7,1.7,5.7
251,Christian Koloko,C,22,TOR,38,19,16.1,1.5,3,0.496,0,0.2,0.125,1.5,2.8,0.523,0.5,0.9,1.3,0.667,1.7,1.7,3.5,0.5,0.3,1.2,0.5,2.7,3.9
252,John Konchar,SG,26,MEM,39,22,24.6,2.6,5.7,0.451,1.2,3.2,0.373,1.4,2.5,0.551,0.556,0.5,0.6,0.87,0.9,4.2,5.2,1.5,1.1,0.3,0.6,1.5,6.9
253,Furkan Korkmaz,SG,25,PHI,22,0,11.3,1.3,3.4,0.392,0.5,1.6,0.343,0.8,1.8,0.436,0.473,0.9,1.3,0.655,0.2,1,1.3,0.8,0.3,0.1,0.7,0.5,4
254,Luke Kornet,C,27,BOS,35,0,11.7,1.6,2.4,0.663,0.1,0.2,0.333,1.5,2.2,0.688,0.675,0.4,0.5,0.833,1.3,1.9,3.1,0.7,0.2,0.8,0.4,1.3,3.6
255,Vit Krejci,PG,22,ATL,17,0,6.3,0.6,1.5,0.385,0.3,1,0.294,0.3,0.5,0.556,0.481,0.1,0.1,0.5,0.1,0.5,0.6,0.6,0.1,0.1,0.2,0.6,1.5
256,Jonathan Kuminga,PF,20,GSW,33,4,18.6,2.8,6,0.472,0.5,1.9,0.258,2.4,4.2,0.569,0.513,1.4,2,0.672,1,2.2,3.2,1.7,0.5,0.5,1.5,2.3,7.5
257,Kyle Kuzma,PF,27,WAS,41,41,35,8.2,17.7,0.461,2.4,7.2,0.337,5.8,10.6,0.545,0.529,2.5,3.6,0.712,0.9,6.5,7.4,3.8,0.5,0.4,3,2.5,21.3
258,Anthony Lamb,SF,25,GSW,33,3,19.6,2.6,5.3,0.494,1.4,3.5,0.391,1.2,1.8,0.695,0.624,0.7,0.9,0.759,0.8,2.5,3.3,1.7,0.7,0.2,1.1,2.2,7.2
259,Jock Landale,C,27,PHO,36,2,14.8,2.5,4.8,0.52,0.3,1.4,0.235,2.2,3.4,0.639,0.555,1.4,1.7,0.823,1.6,2.4,4,0.9,0.3,0.6,0.9,1.8,6.8
260,Romeo Langford,SG,23,SAS,27,14,20.1,3.1,6.4,0.483,0.4,1.4,0.263,2.7,5,0.545,0.512,0.7,1,0.714,1.5,1.3,2.8,1.1,0.6,0.4,0.7,1.7,7.3
261,Jake LaRavia,PF,21,MEM,23,0,14.4,1.3,3.2,0.411,0.8,2.2,0.373,0.5,1,0.5,0.541,0.3,0.3,0.857,0.7,1.7,2.3,0.8,0.4,0.1,0.7,1.7,3.7
262,Zach LaVine,SG,27,CHI,38,38,35.5,8.5,18.2,0.47,3.1,7.8,0.399,5.4,10.3,0.523,0.556,3.6,4.4,0.831,0.6,3.8,4.4,4.2,1,0.2,2.5,2.3,23.8
263,A.J. Lawson,SG,22,TOT,6,0,1.7,0.2,0.7,0.25,0,0.5,0,0.2,0.2,1,0.25,0,0,,0,0.3,0.3,0,0,0,0,0.2,0.3
263,A.J. Lawson,SG,22,MIN,1,0,2,1,1,1,0,0,,1,1,1,1,0,0,,0,1,1,0,0,0,0,1,2
263,A.J. Lawson,SG,22,DAL,5,0,1.6,0,0.6,0,0,0.6,0,0,0,,0,0,0,,0,0.2,0.2,0,0,0,0,0,0
264,Damion Lee,SG,30,PHO,43,2,22.1,2.8,6.1,0.46,1.7,3.7,0.468,1.1,2.4,0.447,0.602,1.3,1.4,0.95,0.6,2.9,3.5,1.3,0.4,0.1,1,1.6,8.6
265,Saben Lee,PG,23,TOT,3,0,8.3,1.7,2.7,0.625,0,0.7,0,1.7,2,0.833,0.625,1.3,1.3,1,0,1,1,2,0.3,0,1.3,0.7,4.7
265,Saben Lee,PG,23,PHI,2,0,5,1.5,2,0.75,0,0.5,0,1.5,1.5,1,0.75,0,0,,0,0,0,1,0.5,0,1.5,0.5,3
265,Saben Lee,PG,23,PHO,1,0,15,2,4,0.5,0,1,0,2,3,0.667,0.5,4,4,1,0,3,3,4,0,0,1,1,8
266,Alex Len,C,29,SAC,10,1,4,0.5,1,0.5,0,0.1,0,0.5,0.9,0.556,0.5,0.3,0.4,0.75,0.3,1,1.3,0.3,0,0,0.3,0.7,1.3
267,Kawhi Leonard,SF,31,LAC,19,17,29.3,6.6,13.8,0.477,1.2,3.8,0.301,5.4,9.9,0.545,0.519,3.8,4.6,0.83,1.1,5.1,6.1,3.8,1.1,0.3,1.5,1.4,18.2
268,Caris LeVert,SG,28,CLE,38,20,31.2,4.6,11,0.414,1.6,4.3,0.364,3,6.7,0.447,0.486,1.9,2.7,0.733,0.7,3.4,4.2,3.7,0.8,0.2,1.6,2.4,12.6
269,Kira Lewis Jr.,PG,21,NOP,5,0,8.2,1.6,3.4,0.471,0.2,0.8,0.25,1.4,2.6,0.538,0.5,1.6,1.6,1,0.2,1,1.2,0.2,0.2,0,0.6,1,5
270,Damian Lillard,PG,32,POR,28,28,35.7,8.5,19.5,0.436,3.9,10.8,0.358,4.6,8.7,0.533,0.535,6.6,7.5,0.88,0.6,3.3,4,7.1,0.9,0.4,3.4,1.9,27.4
271,Nassir Little,PF,22,POR,21,0,15.3,2,4.3,0.473,0.8,2,0.372,1.3,2.3,0.563,0.56,0.7,1,0.667,0.3,2,2.4,0.9,0.4,0.1,0.7,0.8,5.5
272,Isaiah Livers,PF,24,DET,23,7,19.5,1.9,4.6,0.406,1.3,3.6,0.361,0.6,1,0.565,0.547,0.7,0.9,0.75,0.5,1.8,2.3,0.6,0.4,0.6,0.6,1.9,5.7
273,Kenneth Lofton Jr.,PF,20,MEM,6,0,4,1.2,2.5,0.467,0,0.3,0,1.2,2.2,0.538,0.467,0.2,0.5,0.333,0.2,0.5,0.7,0.7,0,0,0.2,0.5,2.5
274,Kevon Looney,C,26,GSW,41,41,23.3,2.7,4.3,0.624,0,0,,2.7,4.3,0.624,0.624,1.1,1.8,0.635,3,5.5,8.4,2.8,0.4,0.6,0.4,2.8,6.6
275,Brook Lopez,C,34,MIL,40,40,30.4,5.6,11,0.508,2,5,0.39,3.6,6,0.607,0.597,1.6,2,0.778,2.2,4.5,6.6,1.2,0.6,2.6,1.4,2.4,14.7
276,Robin Lopez,C,34,CLE,25,1,8.6,1.3,2,0.64,0,0,1,1.2,2,0.633,0.65,0.4,0.6,0.714,0.8,0.7,1.5,0.4,0,0.1,0.7,1.1,3
277,Kevin Love,PF,34,CLE,34,3,20.9,3,7.4,0.402,1.8,5.1,0.358,1.1,2.3,0.5,0.526,1.5,1.7,0.877,1,6.2,7.2,2,0.2,0.2,1.2,1.8,9.2
278,Kyle Lowry,PG,36,MIA,36,36,35,4.1,10.4,0.398,2.2,6.5,0.336,1.9,3.9,0.504,0.504,2.6,3,0.862,0.8,3.7,4.4,5.6,1.1,0.5,2.1,2.9,13.1
279,Trey Lyles,PF,27,SAC,34,0,14.7,2.2,5.1,0.442,1.1,3.2,0.361,1.1,1.9,0.578,0.555,1,1.3,0.756,1.1,2.6,3.6,0.8,0.3,0.5,0.9,1.1,6.6
280,Théo Maledon,PG,21,CHO,35,1,16.1,1.8,4.3,0.408,0.6,1.8,0.323,1.2,2.6,0.467,0.474,1.4,1.6,0.875,0.3,2.1,2.4,2.5,0.8,0.2,1,1,5.5
281,Sandro Mamukelashvili,C,23,MIL,17,0,8.5,0.7,2.3,0.308,0.3,1.2,0.238,0.4,1.1,0.389,0.372,0.4,0.7,0.583,0.6,1.6,2.3,0.8,0.1,0.2,0.3,0.7,2.1
282,Terance Mann,SG,26,LAC,42,17,21.7,3.2,6.3,0.511,0.7,2.1,0.348,2.5,4.2,0.594,0.57,1.1,1.4,0.767,1.1,2.6,3.7,1.8,0.6,0.3,1,1.8,8.3
283,Tre Mann,PG,21,OKC,36,4,20.2,3.4,8.7,0.391,1.4,4.7,0.302,2,4,0.497,0.473,0.5,0.7,0.68,0.5,2,2.5,1.8,0.8,0.2,1,1.5,8.7
284,Boban Marjanović,C,34,HOU,13,0,4.2,1.1,1.5,0.737,0,0.1,0,1.1,1.4,0.778,0.737,0.8,0.9,0.833,0.5,0.8,1.3,0.2,0.1,0.1,0.2,0.2,2.9
285,Lauri Markkanen,SF,25,UTA,41,41,34.2,8.4,16.1,0.524,2.9,7.1,0.411,5.5,9,0.613,0.615,4.8,5.5,0.875,1.9,6.7,8.5,1.9,0.6,0.6,1.8,2.1,24.5
286,Naji Marshall,SF,25,NOP,40,14,24.5,3.5,8.1,0.432,1.1,3.4,0.333,2.4,4.7,0.503,0.502,2.1,2.7,0.794,0.8,2.9,3.7,2.4,0.8,0.3,1.2,1.5,10.2
287,Caleb Martin,PF,27,MIA,34,34,31.4,4,8.6,0.459,1.4,3.7,0.389,2.5,4.9,0.512,0.543,1,1.3,0.773,1.5,3.3,4.8,1.9,1,0.4,1.1,1.9,10.4
288,Cody Martin,SF,27,CHO,5,0,18.2,1.6,5.4,0.296,0.4,2.4,0.167,1.2,3,0.4,0.333,0,0.4,0,0.8,2.6,3.4,1.6,0.6,0.2,0.2,1,3.6
289,Kenyon Martin Jr.,SF,22,HOU,41,8,24,4.2,7.6,0.558,0.9,2.8,0.325,3.3,4.8,0.692,0.617,1.3,2.1,0.632,1.3,3.5,4.8,1.4,0.4,0.3,1.1,1.6,10.7
290,Tyrese Martin,SG,23,ATL,11,0,3.8,0.5,1.5,0.375,0.1,0.5,0.2,0.5,1,0.455,0.406,0.2,0.2,1,0.2,0.4,0.5,0,0.1,0,0.1,0.2,1.4
291,Garrison Mathews,SG,26,HOU,34,0,12.8,1.3,3.6,0.355,1.2,3.3,0.357,0.1,0.3,0.333,0.521,0.9,1,0.939,0.2,1,1.2,0.6,0.5,0.1,0.3,1.3,4.6
292,Bennedict Mathurin,SG,20,IND,42,2,28,5.4,12.8,0.421,1.5,4.7,0.332,3.8,8.1,0.472,0.481,4.9,6,0.81,1,2.9,3.9,1.4,0.6,0.1,1.8,2,17.2
293,Wesley Matthews,SG,36,MIL,26,0,14.8,0.9,2.9,0.32,0.7,2.3,0.311,0.2,0.5,0.357,0.447,0.3,0.4,0.9,0.7,0.9,1.6,0.6,0.5,0.2,0.4,1.5,2.9
294,Tyrese Maxey,SG,22,PHI,21,19,34.3,7.8,17,0.457,2.6,6.4,0.403,5.2,10.6,0.489,0.532,3.1,4.1,0.767,0.3,2.7,3,4,0.9,0.2,1.8,2.2,21.2
295,Miles McBride,PG,22,NYK,30,2,14.2,1.4,3.9,0.353,0.7,2.5,0.276,0.7,1.3,0.5,0.444,0.4,0.6,0.684,0.2,0.5,0.7,1.2,0.6,0,0.5,0.9,3.9
296,CJ McCollum,SG,31,NOP,37,37,35.1,8,18.4,0.435,3,7.5,0.406,5,10.9,0.455,0.518,2.2,2.8,0.79,0.9,3.9,4.8,5.8,1,0.6,2.6,1.8,21.3
297,T.J. McConnell,PG,30,IND,39,0,17.2,2.4,5.2,0.466,0.2,0.5,0.286,2.3,4.7,0.486,0.48,0.6,0.7,0.893,0.6,1.8,2.4,4.3,1,0.1,1.5,1.2,5.7
298,Jaden McDaniels,PF,22,MIN,39,39,30.5,4.5,8.6,0.53,1.2,3,0.381,3.4,5.5,0.611,0.597,1.3,1.7,0.75,1.4,2.4,3.8,1.9,1,1.1,1.5,3.4,11.5
299,Jalen McDaniels,SF,25,CHO,42,14,26.5,4,8.6,0.457,1.2,3.5,0.345,2.7,5.1,0.535,0.528,1.8,2.1,0.862,0.8,4.1,4.9,2.1,1.1,0.6,1.4,2.9,10.9
300,Doug McDermott,SF,31,SAS,37,0,20.5,3.9,8,0.481,1.9,4.5,0.423,1.9,3.5,0.558,0.601,0.8,1,0.737,0.3,2.1,2.4,1.5,0.1,0.2,0.9,1.7,10.4
301,JaVale McGee,C,35,DAL,27,7,8,1.7,2.8,0.618,0,0.1,0.25,1.7,2.7,0.639,0.625,0.5,0.9,0.542,0.6,1.8,2.4,0.3,0.1,0.6,0.8,1.2,4
302,Bryce McGowens,SG,20,CHO,15,0,12.9,1.3,3.2,0.396,0.4,1.1,0.375,0.9,2.1,0.406,0.458,0.8,0.9,0.857,0.2,1,1.2,0.9,0.3,0.3,0.5,0.5,3.7
303,Rodney McGruder,SG,31,DET,17,2,10.8,1.1,2.9,0.38,0.9,2.2,0.405,0.2,0.8,0.308,0.53,0.5,0.6,0.727,0.6,0.9,1.5,0.6,0.3,0,0.4,0.9,3.6
304,Jordan McLaughlin,PG,26,MIN,18,0,15.9,1.6,3.7,0.424,0.4,1.9,0.235,1.1,1.8,0.625,0.485,0.5,0.5,1,0.4,1.3,1.7,3.6,0.8,0.1,0.8,0.4,4.1
305,De'Anthony Melton,PG,24,PHI,37,29,29.8,4.3,10.2,0.424,2.4,6.2,0.395,1.9,4,0.47,0.544,0.6,0.8,0.71,1.1,3.6,4.7,2.9,1.9,0.5,1.6,2.4,11.7
306,Chimezie Metu,C,25,SAC,28,0,10.8,2.1,3.6,0.6,0.2,0.8,0.238,2,2.8,0.696,0.625,0.7,0.8,0.826,0.7,2.5,3.1,0.6,0.3,0.2,0.7,1.3,5.1
307,Khris Middleton,SF,31,MIL,7,7,24.4,3.6,11,0.325,1.6,5.9,0.268,2,5.1,0.389,0.396,2.4,2.7,0.895,0.1,2.4,2.6,4.4,0.6,0.1,1.6,2.6,11.1
308,Patty Mills,PG,34,BRK,25,1,12.2,2,4.2,0.471,1.2,2.9,0.417,0.8,1.3,0.594,0.615,0.6,0.6,0.933,0.2,0.8,1,1.3,0.3,0,0.6,0.5,5.7
309,Shake Milton,SG,26,PHI,36,9,24,4,7.9,0.512,0.8,2.3,0.366,3.2,5.6,0.572,0.565,1.5,1.8,0.833,0.5,2.4,3,3.5,0.4,0.2,1.5,1.8,10.4
310,Josh Minott,SF,20,MIN,7,0,2.3,0.4,0.7,0.6,0,0.1,0,0.4,0.6,0.75,0.6,0.6,0.6,1,0.3,0.4,0.7,0.3,0.1,0.3,0,0.3,1.4
311,Davion Mitchell,PG,24,SAC,39,3,19.3,2.4,5.4,0.452,0.8,2.4,0.316,1.7,2.9,0.565,0.524,0.3,0.4,0.706,0.2,1.3,1.5,2.3,0.6,0.2,1,1.5,5.9
312,Donovan Mitchell,SG,26,CLE,37,37,36.5,10,20.5,0.489,3.9,9.6,0.404,6.2,10.9,0.564,0.584,5.4,6.1,0.881,0.9,3,3.9,4.8,1.5,0.4,3,2.6,29.3
313,Evan Mobley,PF,21,CLE,40,40,34.1,5.8,10.5,0.551,0.2,1.1,0.209,5.6,9.4,0.59,0.562,2.4,3.6,0.676,2.4,6.5,8.8,2.8,0.8,1.3,2,2.8,14.2
314,Isaiah Mobley,PF,23,CLE,8,0,3.3,0.5,1,0.5,0.1,0.3,0.5,0.4,0.8,0.5,0.563,0,0,,0.1,1.3,1.4,0,0.1,0,0,0.3,1.1
315,Chima Moneke,SF,27,SAC,2,0,4,0.5,1,0.5,0,0,,0.5,1,0.5,0.5,0,1,0,1,0,1,0.5,0,0,1,1,1
316,Malik Monk,SG,24,SAC,39,0,23,4.9,11.2,0.437,1.8,5.6,0.317,3.1,5.6,0.557,0.516,2.4,2.7,0.913,0.5,1.9,2.4,3.9,0.6,0.2,1.9,1.6,14
317,Moses Moody,SG,20,GSW,35,3,15.2,1.8,4.1,0.448,0.9,2.5,0.364,0.9,1.6,0.582,0.559,0.7,0.9,0.727,0.4,1.3,1.7,0.9,0.3,0.1,0.7,1,5.3
318,Wendell Moore Jr.,SG,21,MIN,17,2,5.8,0.8,1.7,0.448,0.1,0.7,0.167,0.6,1,0.647,0.483,0.2,0.3,0.8,0.1,0.6,0.8,0.5,0.3,0.2,0.4,0.6,1.9
319,Ja Morant,PG,23,MEM,34,34,32.4,9.8,20.9,0.468,1.7,5.3,0.318,8.1,15.7,0.518,0.508,6.3,8.4,0.751,1.2,4.7,5.9,7.9,1,0.3,3.6,1.7,27.6
320,Marcus Morris,PF,33,LAC,40,40,29.5,4.9,11.2,0.439,2.1,5.6,0.381,2.8,5.6,0.498,0.535,1.3,1.6,0.8,0.5,4.3,4.8,1.7,0.7,0.5,1,2.3,13.2
321,Markieff Morris,PF,33,BRK,19,1,11.4,1.4,3.2,0.443,1,2.1,0.487,0.4,1.2,0.364,0.598,0.3,0.3,1,0.5,1.8,2.3,1,0.3,0.2,0.6,1.2,4.2
322,Monte Morris,PG,27,WAS,37,37,28.5,3.9,8.4,0.466,1.2,3.3,0.374,2.6,5,0.527,0.54,1,1.3,0.776,0.4,2.9,3.3,5.3,0.7,0.2,1,1.4,10.1
323,Trey Murphy III,SF,22,NOP,39,29,28.5,4.2,8.8,0.48,2.2,5.4,0.401,2.1,3.4,0.606,0.603,1.8,1.9,0.921,0.9,3,3.9,1.3,1,0.5,0.8,2.1,12.4
324,Dejounte Murray,SG,26,ATL,36,36,36.5,8,18.1,0.442,1.9,5.5,0.34,6.1,12.6,0.487,0.494,2.2,2.6,0.84,0.7,4.6,5.4,6.1,1.7,0.3,2.4,1.5,20.1
325,Jamal Murray,PG,25,DEN,34,34,31.6,6.8,15.1,0.449,2.1,5.5,0.382,4.7,9.7,0.486,0.517,2.8,3.5,0.797,0.6,3.2,3.9,5.4,0.9,0.2,2,1.4,18.4
326,Keegan Murray,SF,22,SAC,38,36,28.9,4.3,9.8,0.434,2.4,5.9,0.408,1.9,3.9,0.473,0.556,0.9,1.2,0.778,0.9,2.8,3.8,0.9,0.8,0.6,1,2.1,11.8
327,Mike Muscala,C,31,OKC,31,2,14.2,1.9,4.4,0.431,1.1,3,0.376,0.8,1.4,0.545,0.558,0.8,1,0.8,0.5,2.6,3.1,0.9,0.3,0.6,0.3,1.7,5.7
328,Svi Mykhailiuk,SF,25,NYK,12,0,3.3,0.5,1,0.5,0.5,0.8,0.6,0,0.2,0,0.75,0.3,0.4,0.6,0,0.6,0.6,0.1,0.1,0,0.2,0.1,1.8
329,Larry Nance Jr.,PF,30,NOP,32,0,22.7,3.4,5.6,0.615,0.3,0.8,0.385,3.1,4.8,0.654,0.642,0.8,1,0.727,1.7,3.9,5.6,1.8,0.9,0.8,0.8,2.3,7.9
330,Andrew Nembhard,SG,23,IND,37,28,27.3,3.4,7.1,0.473,1.3,3.3,0.398,2,3.8,0.54,0.567,0.5,0.5,0.9,0.5,2.6,3.1,3.7,1,0.2,1.6,2.9,8.5
331,Aaron Nesmith,SF,23,IND,36,24,23.3,3.4,7.7,0.438,1.4,4,0.361,1.9,3.7,0.523,0.533,1.5,1.7,0.887,0.8,3,3.8,1.3,0.8,0.5,0.9,3.3,9.7
332,Raul Neto,PG,30,CLE,28,0,10.5,1.2,2.3,0.524,0.3,1,0.333,0.9,1.3,0.667,0.595,0.5,0.6,0.875,0.2,0.7,0.9,1.4,0.4,0,0.3,0.9,3.2
333,Georges Niang,PF,29,PHI,38,0,20.1,3.2,7.2,0.449,2.3,5.6,0.418,0.9,1.6,0.557,0.611,0.6,0.7,0.92,0.2,2.1,2.4,1.1,0.4,0.2,0.8,2.1,9.4
334,Daishen Nix,PG,20,HOU,33,0,13.7,1.2,3.2,0.362,0.7,2.2,0.338,0.4,1,0.412,0.476,0.5,0.7,0.696,0.3,1.2,1.6,2.5,0.7,0.1,1.3,0.8,3.5
335,Zeke Nnaji,PF,22,DEN,31,2,11.3,1.8,3.1,0.6,0.1,0.7,0.182,1.7,2.4,0.726,0.621,0.6,0.8,0.8,1,0.7,1.7,0.2,0.2,0.3,0.5,1.7,4.5
336,Nerlens Noel,C,28,DET,11,2,11.2,0.9,2.2,0.417,0.1,0.2,0.5,0.8,2,0.409,0.438,0.4,0.5,0.667,0.5,2.5,3,0.5,1.1,0.8,0.5,1.6,2.3
337,Jaylen Nowell,SG,23,MIN,42,1,20.2,4.5,10.4,0.433,1.1,3.9,0.285,3.4,6.5,0.524,0.487,1.2,1.5,0.769,0.7,2.1,2.7,2.2,0.7,0.1,1,1.6,11.3
338,Frank Ntilikina,PG,24,DAL,23,1,12.8,1,2.8,0.338,0.3,1.7,0.211,0.6,1.2,0.519,0.4,0.4,0.7,0.667,0.1,1.4,1.5,1.1,0.3,0.1,0.7,1.5,2.7
339,Kendrick Nunn,PG,27,LAL,33,2,12.5,2.4,6.1,0.386,0.9,2.9,0.313,1.5,3.2,0.453,0.46,0.5,0.5,0.882,0.1,1,1.2,0.8,0.3,0,0.9,0.8,6.1
340,Jusuf Nurkić,C,28,POR,35,35,28.7,5.4,10.2,0.528,0.8,2,0.4,4.6,8.2,0.559,0.567,2.9,4.3,0.675,2.6,7.5,10.1,2.9,0.9,1,2.6,3.7,14.5
341,Jordan Nwora,SF,24,MIL,29,3,16,2,5.2,0.375,1,2.7,0.377,1,2.6,0.373,0.47,1,1.2,0.857,0.7,2.3,3,1,0.3,0.1,1,0.8,6
342,Royce O'Neale,SF,29,BRK,37,37,35.1,3.3,8.2,0.401,2.3,5.6,0.411,1,2.6,0.381,0.541,0.5,0.7,0.654,0.7,4.2,4.9,4.2,0.9,0.8,1.7,3.2,9.4
343,Chuma Okeke,PF,24,ORL,18,7,21.8,1.8,4.8,0.368,1,3.3,0.3,0.8,1.5,0.519,0.471,0.9,1.2,0.762,1.2,3.1,4.2,1.4,0.6,0.5,0.5,1.9,5.4
344,Josh Okogie,SG,24,PHO,37,1,12.4,1.5,3.8,0.403,0.4,1.6,0.241,1.1,2.2,0.519,0.453,1.2,1.6,0.721,1.4,1.6,3,1.1,0.6,0.4,0.8,1.4,4.6
345,Onyeka Okongwu,C,22,ATL,40,13,24.2,3.7,6.1,0.613,0,0.1,0,3.7,6,0.621,0.613,1.6,2.2,0.739,2.7,4.6,7.3,1,0.6,1.2,1,3.2,9.1
346,Isaac Okoro,SG,22,CLE,42,12,18.9,1.8,4.2,0.438,0.5,1.9,0.284,1.3,2.3,0.568,0.503,1,1.3,0.774,0.6,1.8,2.4,0.8,0.6,0.4,0.5,2,5.2
347,KZ Okpala,PF,23,SAC,28,3,7.9,0.6,1.2,0.471,0.3,0.6,0.389,0.3,0.6,0.563,0.574,0.2,0.2,1,0.3,0.9,1.1,0.5,0.2,0.3,0.2,1.4,1.6
348,Victor Oladipo,SG,30,MIA,16,1,27.8,3.8,9.3,0.409,1.6,5,0.325,2.2,4.3,0.507,0.497,2.2,2.8,0.778,0.4,2.6,3.1,3.3,1.8,0.3,1.7,2.8,11.4
349,Kelly Olynyk,PF,31,UTA,39,39,28.5,4,8,0.503,1.5,3.5,0.413,2.6,4.5,0.575,0.595,2.6,3.2,0.831,1.1,3.8,5,3.3,1.1,0.6,2.3,4,12.2
350,Eugene Omoruyi,SF,25,OKC,20,2,12.4,2.1,4.3,0.482,0.4,1.5,0.276,1.7,2.8,0.589,0.529,0.7,1.1,0.619,1,1.4,2.3,0.6,0.7,0,0.7,2.1,5.2
351,Cedi Osman,SF,27,CLE,40,0,23.1,3.6,7.7,0.464,1.5,4.2,0.343,2.1,3.4,0.613,0.559,1.1,1.6,0.646,0.3,2.2,2.5,1.6,0.5,0.1,0.9,1.9,9.6
352,Kelly Oubre Jr.,SF,27,CHO,35,30,32.6,7.5,17.8,0.421,2.3,7.4,0.308,5.2,10.4,0.503,0.486,2.9,4,0.714,1.5,3.6,5.1,1.2,1.6,0.4,1.3,3,20.2
353,Chris Paul,PG,37,PHO,26,26,31.1,4.4,10.3,0.425,1.7,4.2,0.398,2.7,6.2,0.444,0.506,2.7,3.3,0.802,0.5,3.7,4.2,8.3,1.5,0.3,2,2.4,13.1
354,Cameron Payne,PG,28,PHO,28,14,24,4.5,11,0.412,1.7,4.5,0.378,2.8,6.5,0.436,0.49,1.4,1.8,0.776,0.3,2,2.3,5.3,0.9,0.2,2,2,12.1
355,Gary Payton II,PG,30,POR,2,0,14.5,2,2.5,0.8,0.5,0.5,1,1.5,2,0.75,0.9,0,0,,0,2,2,2.5,1.5,0,2,2,4.5
356,Theo Pinson,SG,27,DAL,21,0,4.4,0.3,1.1,0.292,0.2,0.8,0.313,0.1,0.4,0.25,0.396,0.4,0.4,0.889,0.1,1,1.1,0.2,0.1,0,0.1,0.2,1.3
357,Scotty Pippen Jr.,PG,22,LAL,5,0,5.2,0.6,2,0.3,0.2,0.6,0.333,0.4,1.4,0.286,0.35,0.8,1.4,0.571,0.4,0.4,0.8,0.2,0.4,0.2,0.4,0.6,2.2
358,Mason Plumlee,C,32,CHO,42,42,27.9,4.3,6.6,0.655,0,0,,4.3,6.6,0.655,0.655,2.5,4.2,0.599,3.3,6.2,9.5,3.7,0.6,0.7,1.6,3.1,11.2
359,Jakob Poeltl,C,27,SAS,33,33,26.4,5.2,8.2,0.637,0,0,,5.2,8.2,0.637,0.637,1.6,2.8,0.574,3.5,6,9.5,2.9,0.9,1.2,2,2.5,12.1
360,Aleksej Pokusevski,PF,21,OKC,31,25,21.8,3.5,7.8,0.44,1.2,3.3,0.376,2.2,4.6,0.486,0.519,0.7,1.1,0.636,1.5,3.6,5.1,2,0.6,1.3,1.3,1.8,8.8
361,Jordan Poole,SG,23,GSW,41,21,30.1,7,16.4,0.428,2.5,8.1,0.31,4.5,8.3,0.543,0.504,4.2,4.9,0.865,0.4,2.1,2.5,4.5,0.7,0.2,3.5,2.3,20.8
362,Kevin Porter Jr.,PG,22,HOU,40,40,34,6.7,15.4,0.437,2.2,6.4,0.346,4.5,9,0.501,0.509,3.5,4.6,0.766,1.4,4.1,5.5,5.6,1.3,0.4,3.6,2.7,19.2
363,Michael Porter Jr.,SF,24,DEN,27,27,28.9,5.9,12.6,0.468,2.7,6.7,0.406,3.2,5.9,0.538,0.575,1.6,2.1,0.75,1,4.8,5.8,1.2,0.6,0.5,1.2,2.4,16
364,Otto Porter Jr.,SF,29,TOR,8,2,18.3,1.9,3.8,0.5,0.8,2.1,0.353,1.1,1.6,0.692,0.6,1,1,1,0.8,1.6,2.4,1,1.4,0,0.5,0.9,5.5
365,Bobby Portis,PF,27,MIL,41,9,26.2,5.9,11.8,0.501,1.1,3.5,0.326,4.8,8.3,0.575,0.549,1.1,1.3,0.815,2.6,7.5,10.1,1.8,0.4,0.2,1.2,1.7,14.1
366,Kristaps Porziņģis,PF,27,WAS,37,37,32.7,7.3,15.4,0.476,1.8,5.3,0.335,5.5,10.1,0.551,0.534,5.5,6.8,0.81,2,7,9,2.4,1,1.5,2.2,2.9,22
367,Micah Potter,PF,24,UTA,3,0,4.7,0.7,0.7,1,0,0,,0.7,0.7,1,1,0,0,,0.3,0.7,1,0.7,0,0,0,0.7,1.3
368,Dwight Powell,C,31,DAL,37,26,17.4,2.2,2.9,0.734,0,0.1,0,2.2,2.9,0.748,0.734,1.6,2.2,0.707,1.9,1.9,3.8,0.6,0.5,0.4,0.8,2.8,5.9
369,Norman Powell,SG,29,LAC,33,5,25.2,5.3,11.2,0.473,1.7,4.2,0.393,3.6,6.9,0.522,0.548,3.3,4.2,0.777,0.3,2.6,2.9,1.7,0.8,0.4,1.8,2,15.5
370,Jason Preston,PG,23,LAC,7,0,9.1,1.1,3,0.381,0.6,1.6,0.364,0.6,1.4,0.4,0.476,0,0.3,0,0.1,1.3,1.4,2,0.1,0,0.6,0.7,2.9
371,Joshua Primo,SG,20,SAS,4,0,23.3,2.3,6.5,0.346,0.8,3,0.25,1.5,3.5,0.429,0.404,1.8,2.3,0.778,0.5,2.8,3.3,4.5,0.3,0.5,2.8,2,7
372,Taurean Prince,SF,28,MIN,22,0,20.5,3.1,6.2,0.496,1.4,3.3,0.411,1.7,2.9,0.594,0.606,0.9,1.2,0.769,0.3,2,2.4,1.3,0.3,0.2,1.3,2.7,8.5
373,Payton Pritchard,PG,25,BOS,27,1,9.9,1.6,3.9,0.406,0.8,2.3,0.344,0.8,1.7,0.489,0.505,0.3,0.4,0.667,0.4,0.9,1.3,0.9,0.3,0,0.7,0.4,4.3
374,Trevelin Queen,PG,25,IND,2,0,10,0,1.5,0,0,1.5,0,0,0,,0,0,0,,0.5,1,1.5,1,0.5,0.5,1.5,0.5,0
375,Neemias Queta,C,23,SAC,4,0,6.3,1.5,2,0.75,0,0,,1.5,2,0.75,0.75,0,0.5,0,1,1.3,2.3,0.3,0,0.3,0.3,1.8,3
376,Immanuel Quickley,PG,23,NYK,42,8,26.9,4.2,10.1,0.415,1.6,4.9,0.327,2.6,5.3,0.498,0.494,2.1,2.5,0.848,0.6,3.5,4.1,3.4,0.9,0.1,1.2,2.1,12.1
377,Julius Randle,PF,28,NYK,42,42,35.4,8.1,17.7,0.456,2.6,7.8,0.338,5.4,9.9,0.548,0.53,5.4,7.1,0.75,2.1,8.2,10.3,3.8,0.8,0.4,2.7,3.1,24.1
378,Austin Reaves,SG,24,LAL,36,12,28.9,3.4,7.1,0.488,1.3,3.5,0.36,2.2,3.6,0.612,0.577,2.6,2.9,0.896,0.6,2.4,3.1,2.2,0.6,0.4,1.4,1.7,10.8
379,Cam Reddish,SF,23,NYK,20,8,21.9,3.1,6.8,0.449,0.9,2.8,0.304,2.2,4,0.55,0.511,1.5,1.7,0.879,0.4,1.2,1.6,1,0.8,0.4,0.8,1.6,8.4
380,Davon Reed,SG,27,DEN,28,1,9.1,0.7,2.2,0.311,0.5,1.3,0.351,0.2,0.9,0.25,0.418,0.5,0.6,0.722,0.3,1.2,1.5,0.6,0.3,0.1,0.5,1,2.3
381,Paul Reed,C,23,PHI,33,0,9.9,1.4,2.4,0.577,0,0.1,0,1.4,2.3,0.6,0.577,0.4,0.5,0.778,1.3,2.1,3.3,0.4,0.8,0.7,0.6,2,3.2
382,Naz Reid,C,23,MIN,34,4,17.5,4.2,7.5,0.557,1,2.6,0.375,3.2,4.9,0.653,0.622,1,1.6,0.636,1.1,3.7,4.8,0.9,0.5,0.9,1.2,2.2,10.4
383,Jared Rhoden,SG,23,DET,1,0,12,1,3,0.333,0,1,0,1,2,0.5,0.333,0,0,,0,1,1,0,0,0,0,3,2
384,Nick Richards,C,25,CHO,36,0,17.6,3.2,5.1,0.62,0,0,,3.2,5.1,0.62,0.62,2.1,2.8,0.733,2.7,3.2,5.9,0.6,0.2,0.8,0.8,2.2,8.4
385,Josh Richardson,SG,29,SAS,32,3,23,4,9.2,0.434,1.7,4.8,0.355,2.3,4.4,0.521,0.527,1.3,1.5,0.875,0.6,1.9,2.5,3.2,0.8,0.2,1.6,1.7,11
386,Austin Rivers,SG,30,MIN,32,10,20.6,1.8,4.1,0.454,0.9,2.4,0.385,0.9,1.6,0.558,0.569,0.8,0.9,0.862,0.1,1.6,1.7,1.5,0.6,0.1,0.6,1.7,5.4
387,Duncan Robinson,SF,28,MIA,28,0,17.9,2.3,6.2,0.368,1.6,5,0.331,0.6,1.3,0.514,0.5,0.7,0.8,0.909,0.3,1.7,1.9,1.2,0.3,0,0.7,2,6.9
388,Mitchell Robinson,C,24,NYK,34,33,26.9,3.2,4.6,0.694,0,0,,3.2,4.6,0.694,0.694,1.1,2,0.551,4.3,4.7,9,1,0.9,1.7,0.5,3,7.5
389,Orlando Robinson,C,22,MIA,14,1,15.4,2.2,3.9,0.574,0,0.4,0,2.2,3.5,0.633,0.574,0.8,1,0.786,1.6,2.7,4.3,1,0.6,0.4,0.6,2,5.2
390,Jeremiah Robinson-Earl,PF,22,OKC,26,18,21.1,3.3,6.7,0.489,1.1,2.9,0.382,2.2,3.8,0.571,0.572,0.8,1.1,0.786,2,3,5,1,0.7,0.4,0.6,1.9,8.5
391,Isaiah Roby,PF,24,SAS,31,1,10.7,1.5,3.4,0.438,0.5,1.5,0.311,1,1.9,0.533,0.505,0.4,0.9,0.448,0.4,1.9,2.4,1,0.4,0.2,0.6,1.2,3.8
392,David Roddy,PF,21,MEM,37,1,18.6,2.5,6,0.41,0.9,3.2,0.277,1.6,2.8,0.563,0.484,0.7,1.2,0.581,0.6,2.1,2.7,0.7,0.4,0.3,0.8,1.5,6.5
393,Ryan Rollins,PG,20,GSW,12,0,5.2,0.6,1.7,0.35,0.3,0.8,0.333,0.3,0.9,0.364,0.425,0.5,0.5,1,0.3,0.8,1,0.5,0.1,0.1,1.3,0.8,1.9
394,Derrick Rose,PG,34,NYK,26,0,12.9,2.3,6,0.394,0.7,2.3,0.317,1.6,3.7,0.442,0.455,0.4,0.5,0.917,0.3,1.2,1.5,1.8,0.3,0.2,0.8,0.7,5.8
395,Terrence Ross,SG,31,ORL,38,9,22.4,3.1,7.2,0.43,1.4,3.8,0.375,1.7,3.4,0.492,0.529,0.4,0.5,0.75,0.3,1.8,2.1,1.3,0.6,0.2,0.9,1.3,8
396,Terry Rozier,PG,28,CHO,32,32,35.5,7.9,19.3,0.409,2.6,7.9,0.324,5.3,11.4,0.468,0.476,2.7,3.2,0.842,1.1,3.2,4.3,5.3,0.8,0.2,2.5,1.9,21
397,D'Angelo Russell,PG,26,MIN,39,39,32.8,6.1,13.2,0.459,2.3,6.5,0.361,3.7,6.7,0.553,0.548,2.7,3.2,0.856,0.5,2.7,3.2,6.4,1.1,0.5,2.7,2.3,17.2
398,Matt Ryan,SF,25,TOT,24,0,9.3,1.1,3.3,0.338,0.9,2.5,0.373,0.2,0.9,0.238,0.475,0.3,0.4,0.889,0.2,0.7,0.9,0.3,0.2,0,0.3,0.8,3.5
398,Matt Ryan,SF,25,LAL,12,0,10.8,1.3,4.1,0.306,1.1,2.9,0.371,0.2,1.2,0.143,0.439,0.3,0.4,0.8,0.2,1,1.2,0.3,0.2,0,0.3,1.2,3.9
398,Matt Ryan,SF,25,MIN,12,0,7.8,1,2.6,0.387,0.8,2,0.375,0.3,0.6,0.429,0.532,0.3,0.3,1,0.2,0.4,0.6,0.3,0.2,0.1,0.3,0.3,3.1
399,Domantas Sabonis,PF,26,SAC,39,39,34.2,7,11.3,0.619,0.5,1.2,0.413,6.5,10.1,0.643,0.641,4.4,5.9,0.747,2.9,9.5,12.4,6.8,0.7,0.5,2.6,3.6,18.9
400,Dario Šarić,PF,28,PHO,24,7,13,1.7,4.3,0.402,0.7,1.9,0.37,1,2.3,0.429,0.485,0.6,0.7,0.875,0.8,2.2,3,1.3,0.3,0.1,0.9,1.5,4.7
401,Jordan Schakel,SF,24,WAS,2,0,3,0.5,1,0.5,0.5,0.5,1,0,0.5,0,0.75,0,0,,0,0,0,0.5,0.5,0,0,0.5,1.5
402,Admiral Schofield,PF,25,ORL,25,0,13.3,1.8,3.7,0.478,0.7,2.2,0.333,1,1.5,0.684,0.576,0.7,0.8,0.895,0.8,1.3,2.1,0.9,0.2,0.1,0.2,2,4.9
403,Dennis Schröder,PG,29,LAL,27,24,29.2,4.1,9.3,0.448,1.4,3.6,0.385,2.8,5.7,0.487,0.522,3,3.3,0.9,0.2,2.1,2.3,3.7,0.7,0,1.7,2.1,12.7
404,Dereon Seabron,SG,22,NOP,4,0,2,0.5,1,0.5,0,0,,0.5,1,0.5,0.5,0,0,,0.3,0,0.3,0,0,0,0,0.3,1
405,Alperen Şengün,C,20,HOU,37,34,26.7,5.6,10.2,0.549,0.1,0.7,0.2,5.5,9.6,0.573,0.555,3.1,3.9,0.781,3.3,5.4,8.6,2.8,0.7,0.9,2.1,3.4,14.5
406,Collin Sexton,SG,24,UTA,32,10,24.1,4.8,9.8,0.487,1,2.6,0.386,3.8,7.2,0.524,0.538,3.6,4.2,0.844,0.8,1.4,2.2,2.9,0.6,0.1,1.7,2.4,14.1
407,Landry Shamet,SG,25,PHO,29,6,21.3,3.1,8,0.386,2.1,5.4,0.385,1,2.7,0.39,0.515,1.3,1.4,0.902,0.3,1.3,1.6,2.1,0.6,0.2,1,1.5,9.6
408,Day'Ron Sharpe,C,21,BRK,20,1,8.9,1.5,2.9,0.526,0.2,0.3,0.8,1.3,2.6,0.5,0.561,0.7,1,0.684,1.3,1.9,3.2,0.7,0.2,0.5,0.8,1.7,3.9
409,Shaedon Sharpe,SG,19,POR,39,5,19.4,3.1,6.5,0.475,0.9,2.4,0.358,2.2,4.1,0.544,0.541,0.6,0.9,0.611,0.8,1.7,2.5,0.5,0.4,0.2,0.7,1.6,7.6
410,Pascal Siakam,C,28,TOR,31,31,37.2,8.9,18.8,0.474,1.4,4.1,0.339,7.5,14.7,0.512,0.511,6.6,8.5,0.779,2,6.3,8.3,6.5,0.9,0.5,2.6,3.3,25.8
411,Ben Simmons,PG,26,BRK,30,25,27.2,3.5,6,0.592,0,0,0,3.5,5.9,0.596,0.592,0.6,1.5,0.413,1,5.6,6.7,6,1.4,0.5,2.1,3.5,7.7
412,Marko Simonovic,C,23,CHI,1,0,2,0,1,0,0,1,0,0,0,,0,0,0,,0,0,0,0,0,0,0,0,0
413,Anfernee Simons,SG,23,POR,38,38,36.2,7.8,17.9,0.438,3.7,10,0.375,4.1,7.9,0.518,0.543,2.7,3.1,0.897,0.3,2.6,2.9,4,0.8,0.2,2.3,2.4,22.2
414,Jericho Sims,C,24,NYK,32,2,12.3,1.7,2.1,0.779,0,0,,1.7,2.1,0.779,0.779,0.3,0.3,0.8,1.8,2.4,4.2,0.3,0.2,0.6,0.4,1.6,3.6
415,Marcus Smart,PG,28,BOS,36,36,32.6,4,9.4,0.424,1.8,5.3,0.339,2.2,4.1,0.534,0.519,1.3,1.7,0.774,0.7,2.7,3.4,7.2,1.3,0.4,2.3,2.7,11.1
416,Dennis Smith Jr.,PG,25,CHO,20,11,26.4,3.7,8.4,0.437,0.6,1.9,0.289,3.1,6.5,0.481,0.47,0.7,1.1,0.619,0.5,2.5,3,5,1.8,0.6,1.5,2.3,8.5
417,Dru Smith,SG,25,MIA,5,1,13.4,1,2.8,0.357,0.2,1.2,0.167,0.8,1.6,0.5,0.393,0,0,,0.2,1.6,1.8,1,0.8,0.6,0.2,2,2.2
418,Ish Smith,PG,34,DEN,20,0,8.2,1.1,2.7,0.396,0.1,0.3,0.333,1,2.4,0.404,0.415,0.1,0.1,0.5,0.1,0.8,0.8,1.7,0.3,0.3,0.9,0.6,2.3
419,Jabari Smith Jr.,PF,19,HOU,40,40,29.8,4.1,10.7,0.383,1.8,5.7,0.317,2.3,5,0.458,0.467,1.7,2.1,0.812,1.2,5.9,7.1,0.9,0.6,0.9,1.4,3.1,11.7
420,Jalen Smith,PF,22,IND,40,28,20.3,3.8,8.1,0.462,1,3.4,0.284,2.8,4.8,0.586,0.52,1.6,2,0.778,1.8,4.3,6.1,1.1,0.4,0.9,1.2,2.2,10
421,Jeremy Sochan,PF,19,SAS,36,33,25.5,3.7,8.1,0.455,0.4,2.1,0.203,3.3,6,0.542,0.481,1,1.6,0.632,1.5,3.2,4.7,2.5,0.9,0.5,1.8,2.8,8.8
422,Jaden Springer,PG,20,PHI,6,0,4,1.2,1.8,0.636,0,0,,1.2,1.8,0.636,0.636,0.5,0.7,0.75,0.7,0.5,1.2,0.2,0.2,0.3,0.2,1,2.8
423,Lamar Stevens,PF,25,CLE,26,18,21.6,2.5,5.7,0.436,0.6,1.9,0.3,1.9,3.8,0.505,0.487,0.7,1.1,0.679,0.7,3,3.7,0.7,0.5,0.5,0.6,1.3,6.3
424,Isaiah Stewart,C,21,DET,36,36,28.5,4.1,8.9,0.457,1.4,4.2,0.342,2.6,4.7,0.559,0.537,2.2,3,0.741,2.2,5.8,7.9,1.2,0.4,0.7,1.5,2.6,11.8
425,Max Strus,SF,26,MIA,40,22,30.7,4.7,11.6,0.406,2.8,8,0.344,2,3.6,0.545,0.525,1.1,1.3,0.86,0.7,2.8,3.5,2,0.8,0.2,0.9,2.1,13.2
426,Jalen Suggs,PG,21,ORL,18,13,25.6,4.1,9.8,0.412,1.2,4.5,0.272,2.8,5.3,0.531,0.475,1.8,2.6,0.696,1.1,2.1,3.1,4.6,1.3,0.6,2.8,2.6,11.1
427,Edmond Sumner,SG,27,BRK,33,9,14.4,2.3,5.1,0.456,0.5,1.7,0.281,1.8,3.4,0.545,0.503,1.6,1.8,0.931,0.3,1.1,1.4,1.4,0.8,0.2,0.9,1.5,6.8
428,Cole Swider,SF,23,LAL,3,0,9.7,1,2.7,0.375,1,2.3,0.429,0,0.3,0,0.563,0,0,,0,2,2,1.3,0,0,0,0.7,3
429,Jae'Sean Tate,SF,27,HOU,6,2,20.7,2.8,6.5,0.436,0.7,1.8,0.364,2.2,4.7,0.464,0.487,0.5,0.7,0.75,2,2,4,3.5,1.3,0.2,1.5,3.5,6.8
430,Jayson Tatum,PF,24,BOS,40,40,36.7,10.1,21.4,0.471,3.2,9.2,0.351,6.9,12.3,0.561,0.547,7.4,8.6,0.858,1.1,7.1,8.2,4.2,1.1,0.8,2.6,2.1,30.8
431,Terry Taylor,SG,23,IND,19,2,7.4,0.7,1.9,0.361,0.1,0.6,0.182,0.6,1.3,0.44,0.389,0.2,0.3,0.8,0.6,0.7,1.3,0.3,0.1,0.2,0.2,0.8,1.7
432,Garrett Temple,SG,36,NOP,14,0,7.8,0.9,2.1,0.433,0.6,1.4,0.421,0.4,0.8,0.455,0.567,0.2,0.3,0.75,0.1,0.6,0.7,0.5,0.6,0.1,0.2,0.8,2.6
433,Dalen Terry,SG,20,CHI,14,0,3.7,0.3,0.9,0.308,0.1,0.3,0.25,0.2,0.6,0.333,0.346,0.2,0.3,0.75,0,0.3,0.3,0.5,0.1,0.1,0.3,0.3,0.9
434,Cam Thomas,SG,21,BRK,27,0,13.6,2.1,5.1,0.413,0.4,1.1,0.387,1.7,4,0.421,0.457,1.7,2.2,0.783,0.1,1.2,1.3,1.4,0.3,0.1,0.7,0.9,6.4
435,Klay Thompson,SG,32,GSW,32,32,32.3,7.5,18.2,0.415,4,10.5,0.385,3.5,7.7,0.455,0.526,1.8,2,0.889,0.8,3.2,3.9,2.4,0.6,0.5,1.7,2,20.8
436,JT Thor,PF,20,CHO,29,0,10.7,1,2.7,0.385,0.4,1.5,0.279,0.6,1.2,0.514,0.462,0.4,0.5,0.733,0.5,1.2,1.7,0.4,0.2,0.2,0.4,0.8,2.9
437,Matisse Thybulle,SG,25,PHI,36,6,12,1,2.4,0.414,0.4,1.4,0.32,0.6,1,0.541,0.506,0.1,0.2,0.5,0.3,0.9,1.2,0.5,0.8,0.3,0.1,1.2,2.5
438,Xavier Tillman Sr.,PF,24,MEM,25,1,11.7,2,3.4,0.6,0.1,0.4,0.3,1.9,3,0.64,0.618,0.6,1.2,0.467,1.4,1.7,3.1,0.6,0.5,0.4,0.4,1,4.8
439,Isaiah Todd,PF,21,WAS,4,0,3.3,0.3,1,0.25,0,0.8,0,0.3,0.3,1,0.25,0,0,,0,0,0,0,0,0,0,0,0.5
440,Obi Toppin,PF,24,NYK,27,0,16.5,2.7,6.6,0.418,1.3,3.8,0.353,1.4,2.8,0.507,0.52,0.6,0.7,0.842,0.5,3,3.6,1,0.4,0.2,0.7,1.1,7.4
441,Juan Toscano-Anderson,SF,29,LAL,21,5,12.6,1,2.1,0.5,0.1,0.7,0.2,0.9,1.4,0.655,0.534,0.3,0.4,0.667,0.4,1.8,2.2,0.7,0.4,0.3,0.7,1.7,2.5
442,Karl-Anthony Towns,PF,27,MIN,21,21,33.8,7.3,14.4,0.505,1.8,5.6,0.325,5.5,8.9,0.618,0.568,4.4,5,0.885,1.7,6.5,8.2,5.3,0.8,0.7,3.1,3.9,20.8
443,Gary Trent Jr.,SG,24,TOR,34,24,32.3,6.4,14.4,0.443,2.6,7.1,0.367,3.8,7.3,0.516,0.533,3.2,3.9,0.821,0.5,1.8,2.3,1.5,1.6,0.2,1.1,1.8,18.5
444,P.J. Tucker,PF,37,PHI,38,38,27.4,1.2,3.1,0.405,0.7,1.7,0.379,0.6,1.3,0.44,0.513,0.3,0.3,0.833,1.3,3.1,4.4,0.9,0.6,0.3,0.8,2.6,3.4
445,Myles Turner,C,26,IND,35,35,29.8,6.1,11,0.552,1.4,3.8,0.379,4.7,7.3,0.642,0.617,3.4,4.4,0.784,1.4,6.5,7.9,1.5,0.6,2.3,1.7,3.3,17
446,Jonas Valančiūnas,C,30,NOP,42,42,24.8,5.5,10.5,0.524,0.6,1.8,0.351,4.9,8.7,0.559,0.554,2.5,3,0.847,2.8,6.7,9.5,1.7,0.3,0.5,2,3.1,14.1
447,Jarred Vanderbilt,PF,23,UTA,42,39,24.8,3.4,6.1,0.565,0.4,1.1,0.333,3.1,5,0.614,0.594,1.2,1.8,0.684,2.5,5.6,8.1,2.8,1.1,0.2,1.5,2.6,8.5
448,Fred VanVleet,PG,28,TOR,33,33,36.9,5.9,15.6,0.376,2.8,8.7,0.328,3,6.9,0.437,0.467,3.8,4.3,0.88,0.5,3.7,4.2,6.3,1.5,0.5,1.8,2.8,18.4
449,Devin Vassell,SG,22,SAS,29,24,31.3,7.1,16,0.445,2.8,7,0.404,4.3,9,0.477,0.533,2.4,3,0.793,0.2,3.8,4,3.6,1.2,0.4,1.6,1.4,19.4
450,Gabe Vincent,PG,26,MIA,28,2,24.3,2.9,7.7,0.38,1.3,4.5,0.291,1.6,3.2,0.506,0.465,1,1.1,0.844,0.4,1.8,2.1,2.7,0.7,0.1,1.5,2.4,8.1
451,Noah Vonleh,C,27,BOS,23,1,7.4,0.5,1,0.458,0,0.2,0.25,0.4,0.9,0.5,0.479,0.1,0.1,1,0.8,1.3,2.1,0.3,0.1,0.3,0.5,1.5,1.1
452,Nikola Vučević,C,32,CHI,42,42,33.4,6.7,13,0.517,1.7,4.5,0.38,5,8.5,0.589,0.583,1.7,2.1,0.83,2,8.9,10.9,3.1,0.6,0.9,1.8,2.1,16.9
453,Dean Wade,PF,26,CLE,17,9,24.1,2.2,4.9,0.452,1.4,3.3,0.411,0.9,1.6,0.536,0.589,0.5,0.8,0.692,0.6,3.5,4.1,1,0.7,0.4,0.4,2.5,6.4
454,Franz Wagner,SF,21,ORL,41,41,33.4,7.3,15,0.49,1.6,4.5,0.353,5.8,10.5,0.549,0.543,3.9,4.5,0.86,0.9,3,3.8,3.4,0.9,0.2,2.2,2.3,20.2
455,Moritz Wagner,C,25,ORL,21,14,24.3,4,8.2,0.494,1.2,3.5,0.342,2.9,4.7,0.606,0.567,2.7,3.1,0.848,1.8,4.5,6.3,2,0.9,0.2,1.6,3.1,12
456,Ish Wainright,SF,28,PHO,26,1,14.5,1.3,3.3,0.391,0.9,2.4,0.371,0.4,1,0.44,0.523,0.2,0.3,0.667,1,1,2.1,0.9,0.7,0.2,0.5,2,3.7
457,Jabari Walker,SF,20,POR,24,0,8.9,0.9,2,0.429,0.1,0.5,0.25,0.8,1.5,0.486,0.459,0.4,0.6,0.643,1,1.5,2.5,0.6,0.1,0.2,0.4,1.1,2.3
458,Kemba Walker,PG,32,DAL,9,1,16,2.7,6.3,0.421,0.8,3.1,0.25,1.9,3.2,0.586,0.482,1.9,2.3,0.81,0.3,1.4,1.8,2.1,0.2,0.2,0.4,1.2,8
459,Lonnie Walker IV,SG,24,LAL,32,32,29.8,5.3,11.7,0.455,2.1,5.4,0.384,3.3,6.3,0.515,0.543,2,2.3,0.875,0.3,2,2.3,1.4,0.8,0.3,1,1.7,14.7
460,John Wall,PG,32,LAC,33,3,22,4,9.9,0.405,0.9,3.2,0.295,3.1,6.7,0.457,0.452,2.3,3.4,0.676,0.4,2.2,2.6,5.3,0.8,0.4,2.3,1.7,11.2
461,T.J. Warren,SF,29,BRK,16,0,19.9,4.1,7.7,0.537,0.6,1.8,0.345,3.5,5.9,0.596,0.577,1,1.1,0.889,0.7,2.5,3.2,1.4,0.8,0.3,0.7,1.7,9.9
462,Duane Washington Jr.,SG,22,PHO,26,2,12.9,3.2,8.5,0.38,1.3,3.8,0.357,1.9,4.7,0.398,0.459,0.5,0.8,0.636,0,1.1,1.1,2,0.2,0.1,1.2,0.7,8.3
463,P.J. Washington,PF,24,CHO,41,41,32,5.7,13.1,0.437,2,5.6,0.351,3.8,7.5,0.502,0.512,1.8,2.3,0.798,1.1,3.5,4.6,2.3,0.8,1.1,1.5,2.7,15.3
464,TyTy Washington Jr.,PG,21,HOU,12,0,10.7,1.3,3.8,0.348,0.3,1.8,0.143,1.1,2.1,0.52,0.38,0.3,0.5,0.5,0.1,1.3,1.3,1.3,0.4,0,0.3,1.2,3.2
465,Yuta Watanabe,SF,28,BRK,27,0,18.3,2.7,4.8,0.558,1.4,2.7,0.527,1.2,2,0.6,0.709,0.6,0.8,0.714,0.6,2.2,2.8,0.9,0.6,0.4,0.4,1.6,7.3
466,Lindy Waters III,SG,25,OKC,15,0,11.8,1.4,3.7,0.382,1.3,3.4,0.373,0.1,0.3,0.5,0.555,0.3,0.5,0.714,0.4,1.5,1.9,0.7,0.3,0.3,0.3,0.9,4.4
467,Trendon Watford,PF,22,POR,28,2,16.6,1.8,3.3,0.548,0.3,0.8,0.348,1.5,2.5,0.614,0.591,1.2,1.6,0.773,0.7,3.1,3.8,1.6,0.5,0.1,1,1.9,5.1
468,Peyton Watson,SG,20,DEN,6,0,2.5,0.5,1.5,0.333,0,0.2,0,0.5,1.3,0.375,0.333,0,0,,0.3,0.2,0.5,0,0,0,0,0.2,1
469,Blake Wesley,SG,19,SAS,2,0,11.5,3,4.5,0.667,1,1.5,0.667,2,3,0.667,0.778,1,2,0.5,0.5,0.5,1,2,0,0,1,1.5,8
470,Russell Westbrook,PG,34,LAL,38,3,28.2,5.6,13.5,0.414,1.1,4,0.285,4.4,9.5,0.468,0.456,2.8,4.1,0.673,1.1,5.3,6.4,7.9,1,0.5,3.7,2.3,15.1
471,Coby White,PG,22,CHI,34,0,20.7,2.7,6.6,0.412,1.6,4.4,0.353,1.2,2.2,0.526,0.529,0.8,1.1,0.778,0.2,2.4,2.5,1.8,0.7,0.1,0.8,1.7,7.9
472,Derrick White,SG,28,BOS,42,35,26.4,3.3,7.5,0.443,1.5,4,0.361,1.9,3.5,0.537,0.54,1.7,1.9,0.864,0.6,2.5,3.1,3.4,0.8,1,1,2.4,9.8
473,Jack White,SF,25,DEN,10,0,3.2,0.3,0.9,0.333,0.1,0.3,0.333,0.2,0.6,0.333,0.389,0,0,,0.3,0.4,0.7,0,0.1,0.2,0,0.5,0.7
474,Aaron Wiggins,SG,24,OKC,32,7,18.2,2.4,4.8,0.49,0.7,1.8,0.393,1.7,3.1,0.545,0.561,0.9,1.1,0.8,1,2.4,3.4,1.5,0.5,0.1,0.9,1.6,6.3
475,Andrew Wiggins,SF,27,GSW,24,24,32.1,7.2,14.5,0.496,2.9,6.7,0.431,4.3,7.8,0.551,0.595,1.2,1.9,0.63,1.6,3.4,5,2.2,1.5,0.8,1.4,2.9,18.4
476,Alondes Williams,SG,23,BRK,1,0,5,0,0,,0,0,,0,0,,,0,0,,0,1,1,0,0,0,2,1,0
477,Grant Williams,PF,24,BOS,41,15,27.7,3.1,6.1,0.504,1.5,3.7,0.412,1.6,2.4,0.646,0.629,1.2,1.5,0.85,1.1,3.6,4.7,1.7,0.7,0.3,0.9,2.4,9
478,Jalen Williams,SG,21,OKC,37,24,27.8,4.7,9.2,0.51,0.8,2.6,0.292,3.9,6.6,0.596,0.551,1.5,2,0.74,0.7,2.9,3.6,2.8,0.9,0.5,1.6,2.6,11.6
479,Jaylin Williams,PF,20,OKC,11,3,11.9,1.1,3.2,0.343,0.3,1.1,0.25,0.8,2.1,0.391,0.386,0.5,0.9,0.6,0.8,2.7,3.5,1.1,0.5,0.1,0.5,2.1,3
480,Kenrich Williams,PF,28,OKC,33,5,21.7,3.2,5.8,0.552,0.9,2.1,0.426,2.3,3.8,0.621,0.628,0.4,0.8,0.462,1.9,2.8,4.7,1.5,0.7,0.2,0.4,2.1,7.7
481,Mark Williams,C,21,CHO,12,0,13.7,2.3,4.1,0.551,0,0,,2.3,4.1,0.551,0.551,1.6,2.2,0.731,1.5,4.4,5.9,0.4,0.7,0.7,1,1.8,6.1
482,Patrick Williams,PF,21,CHI,42,41,29.1,3.7,8.1,0.456,1.4,3.5,0.414,2.3,4.6,0.487,0.544,1,1.1,0.896,1,3.1,4.1,1.3,0.7,0.9,1.3,2.1,9.8
483,Robert Williams,C,25,BOS,10,1,19.8,3.4,4.1,0.829,0,0,,3.4,4.1,0.829,0.829,0.9,1.2,0.75,3,4.6,7.6,1.3,0.5,1.4,0.9,1.7,7.7
484,Vince Williams Jr.,SG,22,MEM,8,0,5.5,0.4,1.4,0.273,0.1,1,0.125,0.3,0.4,0.667,0.318,0,0,,0.1,0.5,0.6,0.4,0.5,0.1,0,0.6,0.9
485,Ziaire Williams,SF,21,MEM,15,0,17.2,2.5,6,0.422,0.7,2.9,0.256,1.8,3.1,0.574,0.483,0.6,0.7,0.9,0.4,2.6,3,1,0.5,0.2,1.3,2,6.4
486,Zion Williamson,PF,22,NOP,29,29,33,9.8,16.2,0.608,0.2,0.7,0.368,9.6,15.5,0.618,0.615,6.1,8.6,0.714,2,5,7,4.6,1.1,0.6,3.4,2.2,26
487,Justise Winslow,SF,26,POR,29,11,26.8,2.8,6.8,0.409,0.5,1.6,0.311,2.3,5.3,0.438,0.444,0.7,1,0.714,1.7,3.3,5,3.4,1,0.4,1.5,3.1,6.8
488,James Wiseman,C,21,GSW,19,0,12.7,2.8,4.6,0.609,0.1,0.1,0.5,2.7,4.5,0.612,0.615,1.2,1.8,0.657,0.9,2.7,3.6,0.7,0.1,0.4,0.7,1.9,6.8
489,Christian Wood,PF,27,DAL,39,14,28.2,6.5,12.1,0.541,1.8,4.5,0.397,4.8,7.6,0.626,0.615,3.2,4.3,0.737,1.4,6.7,8.1,1.5,0.5,1.2,2.2,2.8,18
490,Delon Wright,PG,30,WAS,13,0,19.5,1.9,4.8,0.403,0.5,2.2,0.214,1.5,2.6,0.559,0.452,1,1.2,0.813,0.6,1.6,2.2,3.3,2.2,0.4,0.8,1.1,5.3
491,McKinley Wright IV,PG,24,DAL,12,0,9.6,0.7,1.7,0.4,0,0.3,0,0.7,1.3,0.5,0.4,0.3,0.5,0.667,0.3,0.7,1,1,0.6,0.1,0.7,1.1,1.7
492,Thaddeus Young,PF,34,TOR,35,9,16.5,2.2,4,0.543,0.1,0.7,0.174,2.1,3.3,0.615,0.557,0.4,0.5,0.737,1.6,2,3.6,1.6,1.1,0.1,0.7,1.8,4.9
493,Trae Young,PG,24,ATL,36,36,35.6,8.8,20.8,0.422,2.2,7.1,0.314,6.5,13.7,0.478,0.475,7.8,8.7,0.891,0.7,2.2,2.9,9.8,0.8,0.1,3.9,1.6,27.5
494,Ivica Zubac,C,25,LAC,41,41,29.2,4,6.4,0.626,0,0,0,4,6.3,0.631,0.626,2.2,3.2,0.695,3.4,7.1,10.5,1.1,0.4,1.3,2,3,10.2
