,Rk,Player,Pos,Age,Tm,G,GS,MP,FG,FGA,FG%,3P,3PA,3P%,2P,2PA,2P%,eFG%,FT,FTA,FT%,ORB,DRB,TRB,AST,STL,BLK,TOV,PF,PTS,All-Star Probability,Conference
114,115,Luka Dončić,Guard,23,DAL,26,26,36.9,11.3,22.8,0.496,2.8,8.3,0.338,8.5,14.5,0.586,0.557,7.5,10.4,0.726,0.8,7.6,8.4,8.7,1.7,0.7,3.6,2.9,33.0,0.9999087,West
124,125,Kevin Durant,Frontcourt,34,BRK,28,28,36.7,10.8,19.3,0.559,1.6,4.8,0.346,9.1,14.5,0.629,0.602,6.8,7.4,0.922,0.3,6.4,6.7,5.5,0.7,1.7,3.4,2.3,30.0,0.99969625,East
100,101,Anthony Davis,Frontcourt,29,LAL,24,24,34.1,10.5,17.6,0.593,0.4,1.3,0.29,10.1,16.3,0.617,0.604,6.8,8.3,0.824,3.3,9.2,12.4,2.7,1.3,2.2,1.9,2.8,28.1,0.9996557,West
425,424,Jayson Tatum,Frontcourt,24,BOS,28,28,37.0,10.0,21.2,0.47,3.4,9.3,0.362,6.6,11.9,0.556,0.55,6.9,8.0,0.858,1.1,7.1,8.3,4.1,1.1,1.0,2.8,2.2,30.2,0.9991648,East
130,131,Joel Embiid,Frontcourt,28,PHI,19,19,35.5,11.1,20.5,0.538,1.1,3.3,0.323,10.0,17.3,0.579,0.564,10.1,11.9,0.85,1.7,7.9,9.7,4.7,1.1,1.6,4.1,3.3,33.3,0.9989359,East
98,99,Stephen Curry,Guard,34,GSW,26,26,34.4,10.1,20.2,0.5,5.0,11.6,0.434,5.0,8.5,0.59,0.625,4.8,5.2,0.919,0.6,6.0,6.6,6.8,1.0,0.3,3.1,2.1,30.0,0.99875355,West
151,152,Shai Gilgeous-Alexander,Guard,24,OKC,26,26,35.6,10.4,20.5,0.506,1.0,3.0,0.321,9.4,17.5,0.537,0.529,9.3,10.0,0.934,0.8,3.8,4.6,5.8,1.7,1.0,3.3,2.5,31.0,0.9976173,West
10,11,Giannis Antetokounmpo,Frontcourt,28,MIL,23,23,33.0,11.3,21.4,0.53,0.8,3.2,0.257,10.5,18.2,0.579,0.55,7.6,12.0,0.628,2.1,9.3,11.3,5.3,0.9,1.0,3.8,3.7,31.1,0.9974909,East
216,217,LeBron James,Frontcourt,38,LAL,20,20,36.3,10.4,21.9,0.475,2.4,7.5,0.315,8.1,14.5,0.557,0.529,3.4,4.8,0.705,1.5,7.2,8.6,6.5,1.3,0.6,3.3,2.0,26.5,0.9920934,West
226,227,Nikola Jokić,Frontcourt,27,DEN,24,24,32.5,9.3,14.7,0.634,0.8,2.5,0.305,8.5,12.2,0.7,0.659,5.3,6.5,0.808,2.0,8.3,10.3,9.0,1.4,0.8,3.5,2.8,24.6,0.9900276,West
360,361,Kristaps Porziņģis,Frontcourt,27,WAS,27,27,32.5,7.5,15.6,0.481,1.9,5.5,0.345,5.6,10.1,0.555,0.541,5.6,7.0,0.804,2.0,6.9,8.9,2.6,0.9,1.6,2.2,3.1,22.6,0.9895369,East
314,315,Ja Morant,Guard,23,MEM,22,22,33.0,9.6,21.0,0.458,1.8,5.0,0.355,7.9,16.0,0.49,0.5,6.7,9.0,0.742,1.4,5.2,6.6,7.8,1.2,0.3,3.8,2.0,27.7,0.98814684,West
307,308,Donovan Mitchell,Guard,26,CLE,25,25,36.7,10.3,20.6,0.502,3.9,9.0,0.429,6.4,11.5,0.559,0.596,4.7,5.2,0.893,1.0,3.0,4.0,4.7,1.4,0.4,3.0,2.5,29.2,0.9643764,East
48,49,Devin Booker,Guard,26,PHO,26,26,35.4,9.8,20.5,0.478,2.3,6.2,0.375,7.5,14.4,0.521,0.534,5.5,6.3,0.866,0.8,4.0,4.8,5.8,1.0,0.4,2.5,2.8,27.4,0.96310323,West
170,171,Tyrese Haliburton,Guard,22,IND,27,27,33.5,7.2,15.0,0.479,2.9,7.2,0.402,4.3,7.8,0.55,0.575,2.5,2.9,0.861,0.7,3.5,4.3,10.6,1.7,0.4,2.8,1.1,19.8,0.9319375,East
106,107,DeMar DeRozan,Frontcourt,33,CHI,27,27,35.4,9.1,18.0,0.505,0.4,1.4,0.297,8.7,16.7,0.522,0.516,7.6,8.4,0.895,0.4,4.6,5.0,4.7,0.8,0.4,2.0,2.7,26.2,0.93124783,East
61,62,Jaylen Brown,Frontcourt,26,BOS,27,27,35.7,10.0,19.8,0.503,2.4,6.9,0.342,7.6,12.9,0.589,0.563,4.3,5.3,0.81,1.0,6.3,7.3,3.6,1.1,0.4,3.0,2.7,26.6,0.927927,East
265,266,Damian Lillard,Guard,32,POR,16,16,35.2,8.7,18.9,0.459,4.5,11.3,0.4,4.2,7.7,0.545,0.578,6.9,7.7,0.902,0.7,3.4,4.1,7.1,0.8,0.3,3.8,1.7,28.8,0.8823539,West
174,175,James Harden,Guard,33,PHI,13,13,37.8,6.8,15.8,0.432,2.6,7.2,0.362,4.2,8.6,0.491,0.515,5.8,6.5,0.882,0.6,6.1,6.7,10.8,1.5,0.6,3.7,2.1,22.1,0.82984126,East
487,486,Trae Young,Guard,24,ATL,26,26,35.8,8.7,21.3,0.408,2.0,7.2,0.285,6.7,14.2,0.47,0.456,7.4,8.3,0.893,0.7,2.1,2.8,9.9,0.7,0.2,3.8,1.5,26.8,0.77751625,East
394,393,Domantas Sabonis,Frontcourt,26,SAC,27,27,32.9,6.4,10.3,0.619,0.4,1.1,0.379,6.0,9.2,0.647,0.638,4.3,5.9,0.736,2.6,9.0,11.6,6.4,0.8,0.5,2.5,3.7,17.5,0.7726651,West
480,479,Zion Williamson,Frontcourt,22,NOP,22,22,32.5,9.6,15.7,0.61,0.2,0.7,0.313,9.4,15.0,0.624,0.617,5.6,7.8,0.715,2.0,5.3,7.3,4.3,1.3,0.5,2.9,2.2,25.0,0.69202554,West
69,70,Jimmy Butler,Frontcourt,33,MIA,18,18,35.2,7.3,14.0,0.524,0.8,2.1,0.368,6.6,11.9,0.551,0.552,6.3,7.4,0.843,1.9,4.8,6.7,5.9,1.7,0.2,1.9,1.5,21.7,0.17059073,East
45,46,Bojan Bogdanović,Frontcourt,33,DET,29,29,31.1,7.0,14.0,0.504,2.6,6.1,0.432,4.4,7.9,0.559,0.598,4.4,4.9,0.888,0.6,3.1,3.7,2.4,0.6,0.0,2.3,1.8,21.1,0.15353508,East
280,281,Lauri Markkanen,Frontcourt,25,UTA,27,27,33.8,8.0,15.1,0.527,2.6,6.4,0.408,5.3,8.7,0.615,0.614,3.6,4.3,0.828,2.2,6.4,8.6,2.2,0.6,0.7,2.1,2.1,22.1,0.08558436,West
371,372,Julius Randle,Frontcourt,28,NYK,28,28,33.5,7.5,16.4,0.46,2.4,7.0,0.34,5.1,9.4,0.55,0.533,5.1,6.4,0.799,2.0,6.9,8.9,3.6,0.7,0.2,2.7,3.1,22.6,0.058978107,East
465,464,Russell Westbrook,Guard,34,LAL,26,3,28.3,5.3,13.3,0.403,1.1,3.9,0.284,4.2,9.3,0.453,0.445,2.8,4.1,0.698,1.1,4.8,5.9,7.5,1.0,0.5,3.6,2.5,14.7,0.03907788,West
405,404,Pascal Siakam,Frontcourt,28,TOR,18,18,35.4,8.7,18.3,0.477,1.3,3.9,0.324,7.4,14.3,0.519,0.512,5.8,7.7,0.761,1.7,6.8,8.5,7.0,1.0,0.5,2.3,3.3,24.6,0.035210457,East
158,159,Jerami Grant,Frontcourt,28,POR,27,27,36.3,7.3,15.4,0.477,2.7,6.1,0.448,4.6,9.3,0.496,0.566,5.0,6.3,0.794,0.9,3.3,4.1,2.7,0.8,0.9,1.9,2.4,22.4,0.031536408,West
140,141,De'Aaron Fox,Guard,25,SAC,24,24,32.0,8.3,16.8,0.494,1.9,5.3,0.362,6.4,11.5,0.554,0.551,4.0,5.0,0.808,0.4,4.5,5.0,5.6,1.0,0.5,2.6,2.5,22.5,0.024824921,West
273,274,Kyle Lowry,Guard,36,MIA,28,28,36.1,4.3,10.6,0.401,2.4,6.8,0.353,1.9,3.8,0.486,0.513,3.1,3.7,0.854,0.8,4.0,4.7,5.9,1.1,0.5,2.4,2.9,14.0,0.023656238,East
210,211,Kyrie Irving,Guard,30,BRK,20,20,36.8,9.4,19.5,0.479,2.7,8.1,0.327,6.7,11.4,0.588,0.547,3.9,4.3,0.918,0.9,4.0,4.8,4.6,0.9,1.1,2.4,2.7,25.3,0.021997932,East
148,149,Paul George,Frontcourt,32,LAC,22,22,34.1,8.1,18.0,0.448,2.9,7.5,0.38,5.2,10.5,0.498,0.528,4.4,5.0,0.874,0.7,5.5,6.3,4.9,1.4,0.5,3.5,2.6,23.5,0.02067099,West
348,349,Chris Paul,Guard,37,PHO,14,14,30.9,3.2,8.8,0.366,1.2,4.1,0.298,2.0,4.7,0.424,0.435,2.7,3.1,0.884,0.5,4.2,4.7,8.8,1.5,0.2,2.1,2.6,10.4,0.018160129,West
319,320,Dejounte Murray,Guard,26,ATL,25,25,35.6,8.2,18.2,0.452,2.1,5.8,0.366,6.1,12.4,0.492,0.51,2.2,2.7,0.836,0.8,4.7,5.4,6.2,1.8,0.4,2.6,1.7,20.8,0.017412884,East
127,128,Anthony Edwards,Guard,21,MIN,28,28,36.4,8.0,17.8,0.452,2.5,7.1,0.359,5.5,10.7,0.513,0.523,3.9,5.2,0.753,0.6,5.0,5.6,4.0,1.9,0.4,3.2,3.0,22.5,0.0113498885,West
347,348,Kelly Oubre Jr.,Frontcourt,27,CHO,28,28,33.3,7.9,18.1,0.433,2.4,7.5,0.322,5.4,10.6,0.512,0.5,2.9,4.1,0.713,1.6,3.8,5.3,1.2,1.8,0.4,1.2,3.0,21.1,0.010728429,East
252,253,Kyle Kuzma,Frontcourt,27,WAS,28,28,35.0,8.1,17.6,0.462,2.6,7.5,0.343,5.6,10.1,0.549,0.534,2.6,3.7,0.692,1.0,6.4,7.5,3.6,0.4,0.4,2.8,2.6,21.4,0.007696347,East
257,258,Zach LaVine,Guard,27,CHI,23,23,34.5,7.9,18.1,0.436,2.8,7.9,0.354,5.1,10.3,0.5,0.513,3.3,4.0,0.828,0.7,3.9,4.6,4.1,1.3,0.0,2.5,2.4,22.0,0.0060853646,East
443,442,Fred VanVleet,Guard,28,TOR,22,22,36.7,5.7,15.3,0.372,2.7,8.3,0.322,3.0,7.0,0.431,0.46,4.0,4.6,0.863,0.5,3.2,3.7,6.4,1.8,0.5,1.9,2.7,18.0,0.0047091525,East
188,189,Gordon Hayward,Frontcourt,32,CHO,11,11,32.3,5.9,13.3,0.445,1.5,3.8,0.381,4.5,9.5,0.471,0.5,3.0,3.9,0.767,0.6,3.6,4.3,4.4,0.6,0.3,2.5,0.9,16.3,0.004689858,East
308,309,Evan Mobley,Frontcourt,21,CLE,29,29,34.5,6.1,11.0,0.557,0.2,1.0,0.233,5.9,9.9,0.59,0.568,2.6,3.8,0.697,2.8,6.6,9.4,2.7,0.8,1.3,2.1,2.9,15.1,0.00446397,East
453,452,Kemba Walker,Guard,32,DAL,1,0,20.0,2.0,5.0,0.4,0.0,2.0,0.0,2.0,3.0,0.667,0.4,4.0,5.0,0.8,1.0,1.0,2.0,5.0,0.0,1.0,0.0,3.0,8.0,0.0035057964,West
223,224,Keldon Johnson,Frontcourt,23,SAS,26,26,32.6,7.5,18.3,0.411,2.7,7.8,0.342,4.9,10.6,0.462,0.483,3.3,4.6,0.723,1.0,4.3,5.3,2.9,0.8,0.1,2.3,1.8,21.0,0.0032161265,West
160,161,Draymond Green,Frontcourt,32,GSW,26,26,30.8,3.3,6.1,0.541,0.4,1.5,0.289,2.9,4.7,0.62,0.575,1.1,1.5,0.7,0.7,5.4,6.0,6.7,0.8,0.8,2.6,3.0,8.1,0.0031543646,West
34,35,Bradley Beal,Guard,29,WAS,18,18,35.1,8.7,16.6,0.522,1.7,4.9,0.352,6.9,11.7,0.592,0.574,3.8,4.4,0.873,0.8,2.9,3.7,5.4,1.2,0.6,2.8,1.9,22.9,0.0029948484,East
291,292,CJ McCollum,Guard,31,NOP,23,23,34.7,6.9,17.2,0.403,2.0,6.3,0.322,4.9,10.8,0.45,0.462,1.5,1.9,0.791,1.0,3.9,4.9,5.7,1.1,0.5,2.1,1.7,17.3,0.0029156862,West
389,390,Terry Rozier,Guard,28,CHO,20,20,37.3,8.5,21.3,0.399,2.7,8.4,0.317,5.9,13.0,0.452,0.461,2.7,3.3,0.831,1.3,3.6,4.9,5.5,0.7,0.2,2.6,2.3,22.4,0.0028261745,East
155,156,Aaron Gordon,Frontcourt,27,DEN,24,24,29.5,6.5,10.7,0.613,1.0,2.8,0.379,5.5,7.9,0.695,0.662,2.8,4.3,0.657,2.3,4.1,6.4,2.2,0.8,0.8,1.5,1.9,16.9,0.002586119,West
7,8,Jarrett Allen,Frontcourt,24,CLE,22,22,32.9,5.8,9.4,0.617,0.0,0.1,0.0,5.8,9.2,0.626,0.617,2.7,3.6,0.747,3.0,7.3,10.3,1.4,0.7,1.3,1.7,2.5,14.2,0.0022429982,East
65,66,Jalen Brunson,Guard,26,NYK,28,28,32.0,7.3,15.6,0.467,1.4,4.1,0.333,5.9,11.5,0.514,0.51,4.5,5.1,0.887,0.5,2.8,3.3,6.3,1.1,0.2,2.0,2.4,20.4,0.0021957043,East
86,87,Jordan Clarkson,Guard,30,UTA,29,29,32.5,7.1,16.6,0.428,2.5,7.6,0.332,4.6,9.0,0.51,0.504,2.8,3.4,0.827,1.1,2.7,3.8,4.8,0.3,0.3,2.8,2.0,19.5,0.0018673785,West
406,405,Ben Simmons,Guard,26,BRK,19,14,27.4,3.7,6.0,0.614,0.0,0.1,0.0,3.7,5.9,0.619,0.614,0.9,1.7,0.545,0.9,5.7,6.7,5.8,1.3,0.6,2.4,3.6,8.3,0.0017521173,East
13,14,OG Anunoby,Frontcourt,25,TOR,26,26,36.7,7.1,14.9,0.475,1.5,4.7,0.331,5.5,10.2,0.541,0.527,3.3,3.9,0.833,1.4,4.5,5.8,2.1,2.4,0.8,2.5,3.0,19.0,0.0016024925,East
437,436,Karl-Anthony Towns,Frontcourt,27,MIN,21,21,33.8,7.3,14.4,0.505,1.8,5.6,0.325,5.5,8.9,0.618,0.568,4.4,5.0,0.885,1.7,6.5,8.2,5.3,0.8,0.7,3.1,3.9,20.8,0.0015757108,West
352,353,Mason Plumlee,Frontcourt,32,CHO,28,28,28.1,3.6,6.2,0.59,0.0,0.0,,3.6,6.2,0.59,0.59,2.3,4.1,0.565,3.4,6.2,9.6,4.1,0.6,0.5,1.9,3.3,9.6,0.0011868067,East
200,201,Al Horford,Frontcourt,36,BOS,20,20,31.6,4.0,7.4,0.537,2.1,4.4,0.466,1.9,3.0,0.644,0.677,0.3,0.4,0.625,1.0,5.3,6.3,2.8,0.5,1.0,0.8,2.0,10.2,0.0010936107,East
470,469,Andrew Wiggins,Frontcourt,27,GSW,22,22,32.8,7.4,14.5,0.511,3.0,6.8,0.45,4.4,7.7,0.565,0.616,1.2,2.0,0.628,1.5,3.6,5.1,2.2,1.4,0.8,1.4,2.9,19.1,0.0010078206,West
2,3,Bam Adebayo,Frontcourt,25,MIA,27,27,35.0,8.0,15.3,0.524,0.0,0.4,0.1,8.0,15.0,0.535,0.525,4.5,5.4,0.841,2.3,7.4,9.7,3.3,1.0,0.7,3.1,3.2,20.6,0.00092990836,East
182,183,Josh Hart,Guard,27,POR,26,26,35.1,3.5,7.4,0.477,0.7,2.0,0.358,2.8,5.4,0.521,0.526,1.7,2.3,0.733,2.0,6.4,8.3,4.0,1.5,0.1,1.7,2.7,9.5,0.0009188762,West
440,439,Myles Turner,Frontcourt,26,IND,23,23,29.5,6.1,11.0,0.555,1.7,3.8,0.432,4.5,7.2,0.62,0.63,3.7,4.7,0.794,1.5,6.2,7.7,1.5,0.6,2.3,1.8,3.5,17.6,0.0009063179,East
488,487,Ivica Zubac,Frontcourt,25,LAC,30,30,29.5,4.0,6.4,0.617,0.0,0.0,0.0,4.0,6.4,0.62,0.617,2.1,3.2,0.667,3.3,7.5,10.8,1.1,0.4,1.6,2.1,3.1,10.1,0.0008293806,West
197,198,Jrue Holiday,Guard,32,MIL,21,20,32.9,7.2,16.0,0.452,2.2,6.2,0.359,5.0,9.8,0.512,0.522,2.4,2.7,0.895,1.2,4.0,5.3,7.4,1.5,0.4,3.2,2.0,19.1,0.0008214031,East
430,429,Klay Thompson,Guard,32,GSW,23,23,30.7,6.7,16.7,0.405,3.8,10.0,0.384,2.9,6.7,0.435,0.52,1.4,1.6,0.865,0.6,2.9,3.4,2.4,0.7,0.5,1.6,1.9,18.7,0.0008090078,West
356,357,Kevin Porter Jr.,Guard,22,HOU,26,26,34.6,6.4,15.5,0.412,1.9,5.8,0.329,4.5,9.7,0.462,0.474,4.0,5.2,0.77,1.3,4.2,5.5,5.7,1.3,0.4,3.8,3.0,18.7,0.0007989968,West
147,148,Rudy Gay,Frontcourt,36,UTA,16,0,15.9,1.9,5.4,0.349,0.7,2.9,0.234,1.2,2.4,0.487,0.413,0.3,0.5,0.5,0.6,2.9,3.5,0.8,0.4,0.5,0.7,1.2,4.7,0.0007955256,West
344,345,Kelly Olynyk,Frontcourt,31,UTA,30,30,28.4,4.4,8.1,0.545,1.5,3.4,0.447,2.9,4.6,0.619,0.64,2.6,3.1,0.83,1.3,3.8,5.0,3.3,1.2,0.6,2.2,4.1,12.9,0.0007930045,West
408,407,Anfernee Simons,Guard,23,POR,26,26,36.6,8.3,18.6,0.448,4.0,10.3,0.393,4.3,8.3,0.516,0.557,2.9,3.3,0.894,0.3,2.8,3.1,4.5,0.8,0.2,2.3,2.4,23.7,0.00071888394,West
447,446,Nikola Vučević,Frontcourt,32,CHI,27,27,32.4,6.4,12.9,0.499,1.6,4.4,0.361,4.8,8.4,0.57,0.561,1.9,2.2,0.85,2.1,8.5,10.6,2.9,0.6,0.8,1.8,1.9,16.3,0.0006317018,East
270,271,Brook Lopez,Frontcourt,34,MIL,26,26,31.1,5.2,10.7,0.484,2.2,5.4,0.404,3.0,5.3,0.565,0.586,1.7,2.0,0.846,1.7,4.3,5.9,1.2,0.5,2.9,1.2,2.3,14.3,0.00060242414,East
233,234,DeAndre Jordan,Frontcourt,34,DEN,22,3,15.3,2.2,2.9,0.762,0.0,0.0,1.0,2.1,2.8,0.758,0.77,0.7,1.5,0.469,1.5,4.2,5.7,0.9,0.1,0.7,1.2,1.7,5.1,0.0004828159,West
455,454,John Wall,Guard,32,LAC,23,1,22.2,4.3,10.3,0.42,0.9,3.3,0.267,3.5,7.1,0.491,0.462,2.8,4.1,0.674,0.3,2.3,2.6,5.6,0.9,0.3,2.3,1.6,12.3,0.00047691213,West
153,154,Rudy Gobert,Frontcourt,30,MIN,26,26,31.1,5.3,8.1,0.652,0.0,0.1,0.0,5.3,8.0,0.662,0.652,3.5,5.0,0.702,3.7,8.5,12.2,0.9,0.8,1.2,1.6,3.2,14.1,0.00043763864,West
320,321,Jamal Murray,Guard,25,DEN,23,23,30.4,6.7,15.3,0.442,1.9,5.3,0.355,4.9,10.0,0.487,0.503,2.4,3.0,0.786,0.6,3.2,3.7,5.1,0.9,0.2,1.9,1.4,17.7,0.00042968782,West
181,182,Tobias Harris,Frontcourt,30,PHI,25,25,34.4,6.6,13.6,0.484,2.2,5.4,0.404,4.4,8.1,0.537,0.565,1.6,1.9,0.854,0.9,5.4,6.4,3.0,1.3,0.5,1.4,2.2,17.0,0.00038294046,East
288,289,Wesley Matthews,Guard,36,MIL,19,0,15.4,1.1,3.2,0.328,0.8,2.5,0.313,0.3,0.7,0.385,0.451,0.4,0.4,0.875,0.8,1.1,1.8,0.6,0.5,0.2,0.4,1.6,3.3,0.00031181722,East
335,336,Jusuf Nurkić,Frontcourt,28,POR,25,25,29.4,5.4,10.3,0.529,0.7,1.7,0.395,4.8,8.6,0.556,0.562,2.9,4.2,0.695,2.7,7.6,10.3,2.9,0.7,0.9,2.4,3.4,14.5,0.00030757178,West
20,21,LaMelo Ball,Guard,21,CHO,4,4,33.0,7.8,17.8,0.437,3.8,11.3,0.333,4.0,6.5,0.615,0.542,1.0,1.3,0.8,0.0,3.0,3.0,8.0,0.8,0.3,3.0,3.5,20.3,0.0002691405,East
262,263,Kawhi Leonard,Frontcourt,31,LAC,10,8,26.0,5.2,11.8,0.441,0.8,3.8,0.211,4.4,8.0,0.55,0.475,2.5,3.3,0.758,0.9,4.9,5.8,3.5,0.7,0.2,1.3,1.6,13.7,0.0002668931,West
192,193,Buddy Hield,Guard,30,IND,29,29,32.2,6.3,14.3,0.44,3.6,9.3,0.384,2.7,5.0,0.545,0.565,1.4,1.7,0.857,1.0,3.8,4.8,2.6,1.0,0.3,2.2,2.0,17.7,0.00025375278,East
144,145,Darius Garland,Guard,23,CLE,23,23,35.9,7.1,16.9,0.423,2.5,6.6,0.384,4.6,10.3,0.447,0.497,4.1,4.7,0.88,0.3,2.1,2.4,7.8,1.3,0.2,3.3,2.0,20.9,0.00023052916,East
209,210,Brandon Ingram,Frontcourt,25,NOP,15,15,32.1,7.3,15.4,0.472,1.9,4.0,0.467,5.4,11.4,0.474,0.532,4.4,5.1,0.868,0.5,4.6,5.1,4.7,0.9,0.7,2.8,2.2,20.8,0.00021876623,West
156,157,Eric Gordon,Guard,34,HOU,23,23,29.8,4.1,9.5,0.434,1.9,5.4,0.347,2.3,4.1,0.547,0.532,2.0,2.3,0.868,0.3,1.7,2.0,2.5,0.7,0.4,1.9,0.8,12.1,0.00020582599,West
23,24,Desmond Bane,Guard,24,MEM,12,12,33.6,8.3,17.8,0.465,3.8,8.5,0.451,4.4,9.3,0.477,0.573,4.3,4.8,0.912,0.5,4.4,4.9,4.8,0.6,0.3,2.3,2.4,24.7,0.00018367385,West
198,199,Justin Holiday,Guard,33,ATL,23,0,16.6,1.9,5.0,0.386,1.2,3.4,0.342,0.7,1.5,0.486,0.504,0.0,0.0,,0.0,0.8,0.8,0.9,0.2,0.4,0.5,1.5,5.0,0.00017859355,East
22,23,Paolo Banchero,Frontcourt,20,ORL,22,22,34.8,7.1,15.8,0.451,1.0,3.7,0.256,6.2,12.1,0.511,0.481,6.5,8.5,0.755,1.4,5.5,6.9,3.9,0.9,0.6,2.9,2.3,21.7,0.00017049196,East
122,123,Chris Duarte,Frontcourt,25,IND,9,5,19.7,3.1,7.9,0.394,1.4,4.2,0.342,1.7,3.7,0.455,0.486,1.2,1.3,0.917,0.4,1.7,2.1,1.0,0.1,0.4,0.9,1.8,8.9,0.00016513235,East
353,354,Jakob Poeltl,Frontcourt,27,SAS,20,20,27.3,5.7,8.9,0.64,0.0,0.0,,5.7,8.9,0.64,0.64,1.5,2.8,0.518,3.9,6.0,9.9,3.5,0.9,1.0,2.4,2.3,12.9,0.00016092208,West
16,17,Deandre Ayton,Frontcourt,24,PHO,26,26,28.8,7.4,12.0,0.619,0.2,0.5,0.286,7.3,11.5,0.634,0.625,2.0,2.8,0.722,3.0,6.5,9.5,2.2,0.5,0.8,2.0,2.9,17.0,0.00015823165,West
337,338,Royce O'Neale,Frontcourt,29,BRK,27,27,36.0,3.2,8.6,0.377,2.3,5.6,0.407,1.0,3.0,0.321,0.509,0.6,0.9,0.64,0.9,4.4,5.4,4.7,1.1,0.7,1.8,3.3,9.3,0.000157664,East
44,45,Bogdan Bogdanović,Guard,30,ATL,6,0,28.3,6.5,15.3,0.424,3.7,9.7,0.379,2.8,5.7,0.5,0.543,1.2,1.2,1.0,0.2,3.3,3.5,2.3,0.5,0.2,2.0,1.3,17.8,0.0001545376,East
441,440,Jonas Valančiūnas,Frontcourt,30,NOP,27,27,23.1,5.0,9.6,0.523,0.6,1.6,0.349,4.5,8.0,0.558,0.552,2.6,3.1,0.824,2.7,6.4,9.1,1.8,0.3,0.3,2.0,2.6,13.2,0.00014670241,West
272,273,Kevin Love,Frontcourt,34,CLE,21,1,19.8,2.9,7.2,0.404,1.9,5.0,0.377,1.0,2.1,0.467,0.536,1.7,1.9,0.875,0.7,6.3,7.0,2.1,0.2,0.1,1.1,1.6,9.4,0.00014273259,East
289,290,Tyrese Maxey,Guard,22,PHI,15,15,36.4,8.4,18.2,0.462,2.9,6.8,0.422,5.5,11.4,0.485,0.54,3.2,4.3,0.738,0.4,3.1,3.5,4.4,1.0,0.3,2.0,2.3,22.9,0.00012959214,East
439,438,P.J. Tucker,Frontcourt,37,PHI,27,27,28.8,1.3,3.0,0.432,0.7,1.7,0.4,0.6,1.3,0.472,0.543,0.3,0.3,0.778,1.2,3.0,4.3,1.0,0.6,0.3,0.9,2.7,3.5,0.00012504039,East
231,232,Tre Jones,Guard,23,SAS,27,27,30.3,4.7,11.0,0.429,0.7,2.4,0.303,4.0,8.5,0.465,0.463,2.4,2.7,0.903,0.8,2.7,3.4,6.6,1.4,0.2,1.9,1.8,12.6,0.00011210041,West
75,76,Clint Capela,Frontcourt,28,ATL,26,26,27.6,5.5,8.7,0.633,0.0,0.0,,5.5,8.7,0.633,0.633,1.1,1.8,0.583,4.4,7.6,12.0,0.8,0.6,1.3,0.9,2.3,12.1,0.00010121667,East
206,207,De'Andre Hunter,Frontcourt,25,ATL,24,24,30.5,5.5,12.3,0.449,1.5,4.0,0.371,4.0,8.3,0.487,0.51,3.0,3.6,0.826,0.6,3.3,3.9,1.2,0.3,0.1,1.4,2.9,15.5,9.7830925e-05,East
93,94,Robert Covington,Frontcourt,32,LAC,18,0,15.8,1.9,4.8,0.395,1.1,3.2,0.333,0.8,1.6,0.517,0.506,0.8,0.9,0.875,0.3,3.3,3.6,1.2,0.4,0.7,0.8,2.2,5.6,9.196231e-05,West
161,162,Jalen Green,Guard,20,HOU,27,27,34.5,7.4,17.7,0.418,2.3,7.2,0.323,5.1,10.5,0.482,0.483,4.6,5.7,0.806,0.6,3.5,4.1,3.9,0.7,0.2,3.1,1.6,21.8,9.054698e-05,West
46,47,Bol Bol,Frontcourt,23,ORL,29,24,26.9,5.2,8.6,0.604,0.8,1.9,0.426,4.4,6.8,0.653,0.65,1.5,1.9,0.786,1.4,6.0,7.4,1.2,0.5,1.8,2.1,1.3,12.7,8.943756e-05,East
295,296,Doug McDermott,Frontcourt,31,SAS,24,0,20.8,3.9,8.1,0.482,2.0,4.7,0.425,1.9,3.4,0.561,0.605,0.6,0.9,0.682,0.3,1.6,1.9,1.5,0.1,0.2,1.0,1.7,10.5,8.417798e-05,West
120,121,Goran Dragić,Guard,36,CHI,26,0,16.8,3.0,6.9,0.436,1.1,2.7,0.394,1.9,4.2,0.463,0.514,0.7,1.2,0.633,0.4,1.0,1.5,3.2,0.3,0.2,1.2,1.4,7.8,7.509266e-05,East
112,113,Spencer Dinwiddie,Guard,29,DAL,28,28,31.6,5.9,12.7,0.461,2.6,6.4,0.41,3.3,6.4,0.511,0.563,2.3,2.8,0.818,0.5,2.9,3.4,5.3,0.9,0.3,1.7,2.2,16.6,7.5064236e-05,West
379,380,Austin Rivers,Guard,30,MIN,18,3,15.1,0.9,2.9,0.308,0.4,1.7,0.226,0.5,1.2,0.429,0.375,0.8,0.8,0.933,0.0,1.1,1.1,1.1,0.2,0.1,0.4,1.3,2.9,7.265432e-05,West
410,409,Marcus Smart,Guard,28,BOS,26,26,33.2,4.2,9.7,0.437,1.8,5.3,0.345,2.4,4.3,0.549,0.532,1.4,1.8,0.766,0.5,2.7,3.2,7.2,1.3,0.4,2.4,3.0,11.7,7.052881e-05,East
27,28,Scottie Barnes,Frontcourt,21,TOR,25,24,33.6,5.8,12.9,0.453,1.2,3.6,0.333,4.6,9.3,0.5,0.5,1.6,2.2,0.709,1.8,5.2,7.0,4.8,0.8,0.8,2.4,1.7,14.4,6.860993e-05,East
38,39,Patrick Beverley,Guard,34,LAL,21,21,26.5,1.4,4.7,0.303,0.8,3.2,0.254,0.6,1.5,0.406,0.389,0.9,1.2,0.76,0.6,3.1,3.7,2.4,0.9,0.5,0.9,2.9,4.6,6.354327e-05,West
164,165,Jeff Green,Frontcourt,36,DEN,20,3,19.4,2.9,5.3,0.543,0.4,1.3,0.28,2.5,4.0,0.625,0.576,1.6,2.1,0.756,0.8,2.0,2.7,1.3,0.4,0.3,1.0,2.0,7.6,6.257728e-05,West
26,27,Harrison Barnes,Frontcourt,30,SAC,27,27,31.3,4.2,8.7,0.483,1.1,3.7,0.29,3.1,5.0,0.627,0.545,4.2,5.1,0.826,1.0,4.4,5.3,1.9,0.7,0.1,1.3,1.4,13.7,6.1265375e-05,West
449,448,Franz Wagner,Frontcourt,21,ORL,29,29,33.5,7.2,14.7,0.493,1.4,4.2,0.344,5.8,10.5,0.553,0.542,4.0,4.6,0.866,0.8,3.3,4.1,3.6,0.8,0.3,2.5,2.4,19.9,5.9314447e-05,East
50,51,Chris Boucher,Frontcourt,30,TOR,24,0,23.0,3.9,8.6,0.451,0.8,3.0,0.282,3.0,5.6,0.541,0.5,2.6,3.5,0.747,2.2,3.8,6.0,0.5,0.8,0.9,0.6,2.5,11.2,5.8984475e-05,East
442,441,Jarred Vanderbilt,Frontcourt,23,UTA,28,26,24.9,3.7,6.1,0.606,0.4,1.0,0.414,3.3,5.0,0.645,0.641,1.0,1.5,0.667,2.5,5.7,8.3,2.8,1.2,0.3,1.5,2.9,8.8,5.7781603e-05,West
302,303,Khris Middleton,Frontcourt,31,MIL,6,6,24.7,4.0,10.8,0.369,1.7,5.5,0.303,2.3,5.3,0.438,0.446,2.8,3.2,0.895,0.2,2.5,2.7,4.3,0.5,0.2,1.2,2.2,12.5,5.6853834e-05,East
444,443,Devin Vassell,Guard,22,SAS,22,17,31.7,7.3,16.1,0.452,2.9,7.0,0.413,4.4,9.0,0.482,0.542,2.4,3.0,0.815,0.2,3.8,4.0,3.5,1.0,0.4,1.5,1.5,19.9,5.400125e-05,West
194,195,George Hill,Guard,36,MIL,27,0,19.9,1.6,3.7,0.424,0.6,1.9,0.327,0.9,1.7,0.532,0.51,1.0,1.5,0.7,0.4,1.7,2.0,2.5,0.4,0.1,0.9,1.2,4.8,5.2621253e-05,East
1,2,Steven Adams,Frontcourt,29,MEM,24,24,26.7,3.6,5.9,0.61,0.0,0.0,0.0,3.6,5.8,0.614,0.61,0.8,2.7,0.292,4.8,5.7,10.5,2.3,0.8,1.0,2.1,2.3,8.0,5.199003e-05,West
91,92,Mike Conley,Guard,35,UTA,19,18,29.0,3.5,8.8,0.395,1.9,5.1,0.381,1.5,3.7,0.414,0.506,1.5,1.9,0.784,0.4,1.8,2.2,7.7,1.1,0.3,1.6,2.1,10.4,4.8684953e-05,West
96,97,Cade Cunningham,Guard,21,DET,12,12,33.3,7.8,18.7,0.415,1.4,5.1,0.279,6.3,13.6,0.466,0.453,3.0,3.6,0.837,1.0,5.2,6.2,6.0,0.8,0.6,3.3,2.8,19.9,4.8287035e-05,East
213,214,Jaren Jackson Jr.,Frontcourt,23,MEM,11,11,26.3,6.4,12.5,0.511,1.8,5.0,0.364,4.5,7.5,0.61,0.584,3.8,5.0,0.764,1.8,4.4,6.2,0.4,1.0,3.6,1.7,2.9,18.4,4.779523e-05,West
78,79,Wendell Carter Jr.,Frontcourt,23,ORL,15,15,32.9,5.8,11.3,0.515,1.2,3.5,0.346,4.6,7.8,0.59,0.568,3.8,4.6,0.826,2.1,6.9,9.1,3.3,0.5,0.5,2.6,3.2,16.6,4.5241202e-05,East
92,93,Pat Connaughton,Guard,30,MIL,11,0,19.8,2.4,7.5,0.313,1.5,5.5,0.262,0.9,2.0,0.455,0.41,0.8,1.0,0.818,0.8,2.8,3.6,0.7,0.7,0.2,0.5,1.1,7.0,4.489694e-05,East
317,318,Monte Morris,Guard,27,WAS,24,24,27.9,3.8,8.4,0.458,1.3,3.5,0.386,2.5,4.9,0.508,0.537,0.8,1.1,0.741,0.4,3.0,3.4,5.3,0.7,0.2,0.9,1.5,9.8,4.471505e-05,East
269,270,Kevon Looney,Frontcourt,26,GSW,29,29,22.9,2.7,4.1,0.65,0.0,0.0,,2.7,4.1,0.65,0.65,0.9,1.5,0.605,2.4,5.2,7.6,2.7,0.4,0.6,0.4,2.8,6.3,4.2415915e-05,West
484,483,Delon Wright,Guard,30,WAS,4,0,22.8,2.5,6.0,0.417,0.8,3.0,0.25,1.8,3.0,0.583,0.479,0.8,1.3,0.6,1.0,1.5,2.5,3.3,2.8,1.0,1.0,1.3,6.5,4.1456788e-05,East
55,56,Mikal Bridges,Frontcourt,26,PHO,28,28,36.5,6.0,12.7,0.469,1.9,4.5,0.409,4.1,8.2,0.502,0.542,2.1,2.3,0.906,1.2,3.8,5.0,3.2,1.2,0.8,1.1,2.3,15.9,4.1010957e-05,West
390,391,D'Angelo Russell,Guard,26,MIN,27,27,31.7,6.1,13.3,0.461,2.3,6.4,0.355,3.9,7.0,0.559,0.546,2.1,2.6,0.789,0.6,2.6,3.1,6.3,1.3,0.6,2.8,2.1,16.6,3.920188e-05,West
421,420,Jalen Suggs,Guard,21,ORL,14,13,28.9,4.6,11.1,0.419,1.4,4.9,0.294,3.2,6.2,0.517,0.484,1.6,2.5,0.657,1.1,2.2,3.3,5.4,1.6,0.6,3.4,3.1,12.4,3.677631e-05,East
29,30,Will Barton,Guard,32,WAS,27,0,22.9,3.0,8.1,0.376,1.3,3.8,0.35,1.7,4.3,0.4,0.459,1.0,1.2,0.818,0.3,2.9,3.2,2.9,0.6,0.3,1.1,1.3,8.4,3.5333163e-05,East
414,413,Jabari Smith Jr.,Frontcourt,19,HOU,26,26,30.5,4.0,10.5,0.382,2.2,5.8,0.368,1.8,4.6,0.4,0.485,2.0,2.3,0.836,1.2,5.9,7.1,0.7,0.4,1.0,1.2,3.4,12.1,3.5008194e-05,West
282,283,Caleb Martin,Frontcourt,27,MIA,28,28,33.0,4.2,9.1,0.465,1.6,3.9,0.407,2.6,5.2,0.507,0.551,1.0,1.3,0.784,1.6,3.2,4.8,2.0,1.2,0.4,1.2,2.0,11.0,3.308001e-05,East
191,192,Tyler Herro,Guard,23,MIA,21,21,34.5,7.3,16.2,0.45,3.0,7.8,0.393,4.2,8.4,0.503,0.544,2.6,3.0,0.887,0.6,5.7,6.3,4.2,0.8,0.5,2.5,1.7,20.2,3.22319e-05,East
53,54,Malaki Branham,Frontcourt,19,SAS,14,4,16.8,1.8,5.6,0.321,0.7,3.1,0.227,1.1,2.4,0.441,0.385,0.6,0.7,0.8,0.2,1.4,1.6,1.6,0.1,0.1,0.8,1.1,4.9,3.1697306e-05,West
419,418,Isaiah Stewart,Frontcourt,21,DET,23,23,28.1,4.0,8.5,0.474,1.6,4.2,0.375,2.5,4.3,0.57,0.566,2.4,3.3,0.733,2.4,6.2,8.7,1.2,0.3,0.8,1.2,2.9,12.0,3.057845e-05,East
89,90,John Collins,Frontcourt,25,ATL,22,22,31.5,4.7,9.7,0.484,0.7,3.3,0.219,4.0,6.4,0.621,0.521,2.2,2.6,0.845,1.2,6.3,7.5,1.3,0.9,1.4,1.4,3.2,12.3,2.9842162e-05,East
315,316,Marcus Morris,Frontcourt,33,LAC,27,27,30.1,5.2,11.7,0.448,2.0,5.4,0.377,3.2,6.3,0.509,0.535,1.1,1.4,0.795,0.5,4.4,4.9,1.7,0.7,0.3,0.8,2.2,13.6,2.9462002e-05,West
398,397,Dennis Schröder,Guard,29,LAL,13,10,25.8,2.8,6.8,0.404,0.6,2.4,0.258,2.2,4.5,0.483,0.449,2.2,2.3,0.933,0.1,1.8,1.8,3.5,0.5,0.0,1.3,1.5,8.3,2.8077751e-05,West
377,378,Nick Richards,Frontcourt,25,CHO,28,0,18.9,3.3,5.4,0.607,0.0,0.0,,3.3,5.4,0.607,0.607,2.3,3.1,0.744,2.9,3.5,6.3,0.6,0.1,0.8,0.9,2.3,8.8,2.8025372e-05,East
167,168,Blake Griffin,Frontcourt,33,BOS,13,8,16.7,2.2,4.2,0.509,0.6,1.8,0.348,1.5,2.5,0.625,0.582,1.2,1.6,0.714,1.2,3.4,4.5,1.4,0.2,0.1,0.5,2.2,6.1,2.7466062e-05,East
411,410,Dennis Smith Jr.,Guard,25,CHO,15,11,27.9,4.1,8.9,0.463,0.7,2.0,0.333,3.5,6.9,0.5,0.5,0.4,0.8,0.5,0.6,2.7,3.3,5.7,1.8,0.7,1.5,2.3,9.3,2.582011e-05,East
193,194,Haywood Highsmith,Frontcourt,26,MIA,18,1,18.4,1.3,4.1,0.315,0.6,2.1,0.289,0.7,1.9,0.343,0.39,0.2,0.6,0.4,0.9,3.0,3.9,0.7,0.8,0.3,0.7,1.1,3.4,2.274963e-05,East
58,59,Dillon Brooks,Guard,27,MEM,24,24,31.2,6.6,16.4,0.404,2.4,6.8,0.352,4.3,9.7,0.44,0.476,2.1,2.8,0.758,0.8,3.0,3.7,3.0,0.9,0.1,1.9,3.2,17.7,2.2661328e-05,West
486,485,Thaddeus Young,Frontcourt,34,TOR,25,9,17.4,2.2,4.2,0.533,0.2,0.7,0.222,2.1,3.5,0.598,0.552,0.5,0.6,0.857,1.7,2.0,3.8,1.9,1.0,0.1,0.8,1.8,5.1,2.1003118e-05,East
68,69,Alec Burks,Guard,31,DET,17,0,20.9,4.4,9.8,0.449,1.9,4.8,0.402,2.5,5.0,0.494,0.548,3.5,4.4,0.8,0.2,2.6,2.9,1.9,0.9,0.1,0.9,2.5,14.3,1.8638251e-05,East
87,88,Nic Claxton,Frontcourt,23,BRK,26,26,28.0,5.3,7.2,0.733,0.0,0.0,0.0,5.3,7.2,0.737,0.733,1.2,2.8,0.425,2.6,6.1,8.7,1.2,0.7,2.2,1.3,3.0,11.7,1.8509847e-05,East
215,216,Reggie Jackson,Guard,32,LAC,29,29,29.3,4.6,11.2,0.409,1.6,4.6,0.356,3.0,6.7,0.446,0.482,1.6,1.8,0.902,0.4,2.2,2.6,4.0,0.7,0.1,2.3,2.0,12.4,1.6587612e-05,West
205,206,Kevin Huerter,Guard,24,SAC,26,26,31.9,5.4,11.6,0.468,2.9,7.0,0.41,2.5,4.5,0.559,0.593,1.6,2.3,0.683,0.5,2.8,3.2,3.2,1.1,0.3,1.6,2.3,15.3,1.5646294e-05,West
32,33,Nicolas Batum,Frontcourt,34,LAC,30,3,20.9,2.0,4.5,0.441,1.4,3.5,0.4,0.6,1.0,0.581,0.596,0.4,0.7,0.591,0.9,3.4,4.3,1.4,0.6,0.7,0.7,2.1,5.8,1.5593932e-05,West
0,1,Precious Achiuwa,Frontcourt,23,TOR,12,0,20.4,3.0,7.7,0.391,0.4,2.3,0.179,2.6,5.3,0.484,0.418,2.3,2.8,0.848,2.0,5.0,7.0,1.3,0.2,0.6,1.3,1.6,8.8,1.5312082e-05,East
400,399,Alperen Şengün,Frontcourt,20,HOU,24,21,26.9,5.7,10.5,0.538,0.2,0.9,0.19,5.5,9.7,0.569,0.545,2.9,3.7,0.795,3.6,5.4,9.0,2.2,0.7,0.9,2.3,3.3,14.4,1.5229262e-05,West
381,382,Mitchell Robinson,Frontcourt,24,NYK,20,19,24.3,3.3,4.7,0.71,0.0,0.0,,3.3,4.7,0.71,0.71,0.8,1.7,0.455,4.2,4.0,8.2,0.8,0.6,1.9,0.6,3.0,7.4,1.5123797e-05,East
359,360,Bobby Portis,Frontcourt,27,MIL,27,7,26.5,5.9,11.9,0.498,1.1,3.6,0.306,4.8,8.3,0.583,0.545,1.0,1.3,0.778,2.5,7.8,10.3,2.1,0.3,0.3,1.1,1.8,14.0,1.5010655e-05,East
33,34,Darius Bazley,Frontcourt,22,OKC,21,1,16.9,2.2,5.1,0.435,0.5,1.5,0.355,1.7,3.7,0.468,0.486,0.9,1.7,0.514,1.0,3.0,3.9,1.0,0.6,1.2,0.6,1.3,5.9,1.48533045e-05,West
189,190,Juancho Hernangómez,Frontcourt,27,TOR,17,3,17.4,1.8,3.6,0.508,0.6,1.9,0.313,1.2,1.7,0.724,0.59,0.2,0.5,0.444,0.9,3.2,4.1,0.8,0.6,0.2,0.6,1.3,4.5,1.4702987e-05,East
220,221,Cameron Johnson,Frontcourt,26,PHO,8,8,25.3,4.6,10.4,0.446,2.8,6.4,0.431,1.9,4.0,0.469,0.578,1.0,1.4,0.727,0.6,2.8,3.4,1.8,1.1,0.4,0.3,1.8,13.0,1.4194192e-05,West
358,359,Otto Porter Jr.,Frontcourt,29,TOR,8,2,18.3,1.9,3.8,0.5,0.8,2.1,0.353,1.1,1.6,0.692,0.6,1.0,1.0,1.0,0.8,1.6,2.4,1.0,1.4,0.0,0.5,0.9,5.5,1.3661955e-05,East
343,344,Victor Oladipo,Guard,30,MIA,5,0,22.6,3.2,7.4,0.432,1.2,4.0,0.3,2.0,3.4,0.588,0.514,1.0,1.8,0.556,0.2,2.8,3.0,2.8,0.8,0.0,1.0,2.2,8.6,1.310092e-05,East
234,235,Cory Joseph,Guard,31,DET,24,2,15.5,1.8,4.2,0.426,0.7,1.8,0.364,1.1,2.4,0.474,0.505,0.5,0.7,0.647,0.3,0.8,1.1,3.2,0.3,0.1,0.6,1.4,4.7,1.2028825e-05,East
388,389,Terrence Ross,Guard,31,ORL,26,8,23.7,3.2,7.6,0.419,1.6,4.2,0.389,1.6,3.5,0.456,0.525,0.3,0.5,0.692,0.3,1.8,2.2,1.2,0.7,0.2,1.2,1.5,8.3,1.1796821e-05,East
97,98,Seth Curry,Guard,32,BRK,18,0,23.3,3.4,7.6,0.445,1.8,4.4,0.4,1.6,3.2,0.509,0.562,0.8,0.8,0.933,0.2,2.1,2.3,2.3,0.6,0.2,1.2,2.0,9.3,1.15143785e-05,East
300,301,De'Anthony Melton,Guard,24,PHI,24,17,29.4,4.4,10.4,0.426,2.3,5.9,0.394,2.1,4.5,0.467,0.538,0.7,1.0,0.68,1.1,3.3,4.4,3.3,2.2,0.5,1.8,2.1,11.9,1.1105795e-05,East
35,36,Malik Beasley,Guard,26,UTA,30,5,27.5,5.1,12.2,0.422,3.3,8.4,0.391,1.8,3.7,0.491,0.558,0.6,0.8,0.826,0.6,3.2,3.8,1.6,1.0,0.1,1.0,1.3,14.2,1.1092829e-05,West
418,417,Lamar Stevens,Frontcourt,25,CLE,16,13,23.9,2.8,6.1,0.459,0.7,2.0,0.344,2.1,4.1,0.515,0.515,1.1,1.3,0.81,0.6,3.6,4.2,0.5,0.5,0.4,0.5,1.4,7.4,1.0953029e-05,East
150,151,Josh Giddey,Guard,20,OKC,25,25,30.9,6.4,14.0,0.454,1.0,3.1,0.321,5.4,10.9,0.493,0.49,1.1,1.5,0.737,1.7,6.2,7.9,5.4,0.6,0.5,3.2,2.0,14.8,1.0845305e-05,West
139,140,Evan Fournier,Guard,30,NYK,13,7,20.0,2.4,6.9,0.344,1.5,4.4,0.333,0.9,2.5,0.364,0.45,0.7,0.8,0.818,0.2,1.9,2.1,1.7,0.7,0.2,1.1,2.2,6.9,1.0833717e-05,East
6,7,Grayson Allen,Guard,27,MIL,24,22,27.4,3.5,7.5,0.461,2.0,4.7,0.42,1.5,2.8,0.529,0.592,2.2,2.4,0.93,0.9,2.7,3.6,2.6,0.8,0.2,1.2,1.5,11.1,1.0448399e-05,East
72,73,Kentavious Caldwell-Pope,Guard,29,DEN,26,26,31.1,3.9,8.5,0.464,2.0,4.5,0.453,1.9,4.0,0.476,0.584,1.1,1.4,0.784,0.5,2.6,3.1,2.2,1.2,0.4,1.2,1.9,11.0,1.0185973e-05,West
240,241,Walker Kessler,Frontcourt,21,UTA,27,2,16.9,2.7,3.7,0.73,0.0,0.0,,2.7,3.7,0.73,0.73,0.9,1.6,0.571,2.3,3.8,6.1,0.6,0.2,1.9,0.6,2.1,6.3,9.817316e-06,West
169,170,Rui Hachimura,Frontcourt,24,WAS,16,0,23.5,4.8,9.9,0.481,0.8,2.3,0.333,4.0,7.6,0.525,0.519,1.3,1.8,0.724,0.8,4.1,4.8,1.1,0.3,0.5,1.4,1.1,11.6,9.642595e-06,East
454,453,Lonnie Walker IV,Guard,24,LAL,24,24,30.4,5.9,12.3,0.478,2.0,5.2,0.395,3.8,7.1,0.538,0.561,1.9,2.2,0.849,0.3,2.0,2.3,1.5,0.8,0.4,1.0,1.6,15.7,9.611655e-06,West
243,244,Maxi Kleber,Frontcourt,31,DAL,22,0,25.6,2.3,4.7,0.49,1.1,3.0,0.369,1.2,1.8,0.692,0.606,0.5,0.6,0.786,0.9,2.7,3.5,1.0,0.3,1.0,0.6,2.2,6.2,9.432422e-06,West
293,294,Jaden McDaniels,Frontcourt,22,MIN,25,25,29.9,4.2,8.0,0.522,1.1,3.0,0.36,3.1,5.0,0.619,0.59,1.1,1.4,0.771,1.2,2.0,3.2,1.4,1.2,1.2,1.4,3.5,10.6,8.395149e-06,West
460,459,Yuta Watanabe,Frontcourt,28,BRK,16,0,18.6,2.9,5.3,0.553,1.6,3.0,0.521,1.4,2.3,0.595,0.7,0.4,0.7,0.636,0.9,2.2,3.1,1.0,0.3,0.5,0.4,1.4,7.9,8.335595e-06,East
479,478,Ziaire Williams,Frontcourt,21,MEM,3,0,18.7,1.3,6.3,0.211,0.0,3.3,0.0,1.3,3.0,0.444,0.211,0.7,0.7,1.0,0.3,4.0,4.3,1.7,1.0,0.3,1.7,1.3,3.3,8.259094e-06,West
133,134,Dorian Finney-Smith,Frontcourt,29,DAL,28,28,31.6,3.0,7.6,0.396,1.8,5.5,0.331,1.2,2.1,0.569,0.517,0.5,0.8,0.652,1.4,2.6,4.0,1.1,1.0,0.5,0.9,1.8,8.4,8.0907885e-06,West
458,457,P.J. Washington,Frontcourt,24,CHO,28,28,31.9,5.6,13.7,0.411,1.8,5.6,0.318,3.9,8.1,0.476,0.477,1.9,2.5,0.783,1.1,3.6,4.7,2.4,0.8,1.0,1.6,2.6,15.0,7.652184e-06,East
202,203,Danuel House Jr.,Frontcourt,29,PHI,22,2,18.4,1.6,3.4,0.48,0.7,2.0,0.349,1.0,1.5,0.656,0.58,1.0,1.3,0.75,0.2,1.8,2.0,0.8,0.3,0.2,0.6,1.4,4.9,7.600618e-06,East
157,158,Devonte' Graham,Guard,27,NOP,27,0,15.3,1.7,4.5,0.372,1.4,3.7,0.37,0.3,0.8,0.381,0.525,0.8,1.0,0.808,0.2,1.2,1.4,2.1,0.5,0.3,0.6,0.8,5.5,7.545225e-06,West
141,142,Markelle Fultz,Guard,24,ORL,8,8,25.6,4.4,9.4,0.467,0.6,1.4,0.455,3.8,8.0,0.469,0.5,1.1,1.5,0.75,1.0,2.3,3.3,4.8,1.1,0.3,2.5,2.6,10.5,7.500307e-06,East
211,212,Jaden Ivey,Guard,20,DET,26,25,30.6,5.3,13.1,0.408,1.4,4.7,0.298,4.0,8.5,0.468,0.46,3.1,4.3,0.723,1.1,3.3,4.4,4.0,1.0,0.3,2.7,2.8,15.2,7.3811684e-06,East
94,95,Torrey Craig,Frontcourt,32,PHO,25,17,24.6,3.2,6.7,0.47,1.4,3.6,0.382,1.8,3.2,0.57,0.571,0.6,0.7,0.824,2.0,3.2,5.2,1.5,0.6,0.7,0.7,2.3,8.2,7.3477167e-06,West
57,58,Malcolm Brogdon,Guard,30,BOS,24,0,23.3,4.9,9.8,0.5,1.9,3.9,0.484,3.0,5.9,0.511,0.596,2.3,2.6,0.871,0.9,3.2,4.0,4.0,0.5,0.2,1.9,1.5,13.9,7.3299257e-06,East
239,240,Luke Kennard,Guard,26,LAC,19,7,21.8,3.2,6.1,0.517,1.8,3.9,0.473,1.3,2.2,0.595,0.668,0.4,0.4,1.0,0.2,2.4,2.6,0.9,0.6,0.1,1.0,1.4,8.5,7.278095e-06,West
363,364,Norman Powell,Guard,29,LAC,22,5,25.3,5.1,11.2,0.459,1.6,4.3,0.379,3.5,6.9,0.51,0.533,2.9,3.7,0.78,0.4,2.5,2.9,1.5,0.8,0.3,1.8,1.8,14.8,7.055256e-06,West
59,60,Bruce Brown,Guard,26,DEN,27,15,29.8,4.4,9.0,0.484,1.3,3.2,0.395,3.1,5.9,0.532,0.553,1.0,1.2,0.844,1.0,3.4,4.4,4.3,1.0,0.5,1.7,2.5,11.0,7.0304995e-06,West
438,437,Gary Trent Jr.,Guard,24,TOR,25,18,31.3,5.9,13.8,0.43,2.3,6.8,0.335,3.6,7.0,0.523,0.513,2.8,3.6,0.778,0.5,1.5,2.0,1.4,1.6,0.1,1.1,1.5,16.9,7.0153424e-06,East
299,300,Jordan McLaughlin,Guard,26,MIN,18,0,15.9,1.6,3.7,0.424,0.4,1.9,0.235,1.1,1.8,0.625,0.485,0.5,0.5,1.0,0.4,1.3,1.7,3.6,0.8,0.1,0.8,0.4,4.1,6.9049015e-06,West
131,132,Drew Eubanks,Frontcourt,25,POR,26,3,17.4,2.4,3.3,0.741,0.0,0.1,0.5,2.4,3.2,0.747,0.747,0.9,1.3,0.686,1.4,2.6,4.0,0.8,0.4,1.0,0.7,1.8,5.8,6.680785e-06,West
324,325,Larry Nance Jr.,Frontcourt,30,NOP,25,0,23.0,4.0,6.1,0.647,0.4,0.9,0.391,3.6,5.2,0.692,0.676,1.0,1.2,0.774,1.8,3.9,5.7,2.0,1.0,0.9,1.0,2.2,9.2,6.656726e-06,West
28,29,RJ Barrett,Guard,22,NYK,28,28,34.0,6.5,15.9,0.41,1.6,5.5,0.301,4.9,10.5,0.468,0.462,4.3,5.4,0.783,0.9,4.8,5.6,3.0,0.6,0.2,2.4,2.4,19.0,6.500528e-06,East
9,10,Kyle Anderson,Frontcourt,29,MIN,23,8,24.1,2.7,5.3,0.504,0.4,1.1,0.4,2.3,4.3,0.531,0.545,1.7,2.2,0.8,0.6,3.7,4.3,3.5,1.0,0.8,1.6,1.7,7.6,6.4194483e-06,West
380,381,Duncan Robinson,Frontcourt,28,MIA,20,0,17.0,2.1,5.7,0.36,1.4,4.3,0.326,0.7,1.4,0.464,0.482,0.8,0.9,0.941,0.3,1.7,2.0,1.3,0.2,0.0,0.7,1.9,6.3,6.3397483e-06,East
116,117,Luguentz Dort,Guard,23,OKC,27,27,30.5,4.9,12.1,0.401,1.7,5.4,0.32,3.1,6.7,0.467,0.472,2.5,3.3,0.764,1.6,2.9,4.5,2.4,1.1,0.3,1.5,3.3,14.0,6.2853337e-06,West
477,476,Patrick Williams,Frontcourt,21,CHI,27,26,26.7,3.6,7.6,0.468,1.3,3.0,0.444,2.2,4.6,0.484,0.556,1.0,1.1,0.933,1.1,2.9,4.0,1.0,0.6,1.0,1.5,2.0,9.5,6.188479e-06,East
456,455,T.J. Warren,Frontcourt,29,BRK,5,0,17.0,3.6,6.8,0.529,0.2,1.0,0.2,3.4,5.8,0.586,0.544,0.6,0.8,0.75,1.4,1.0,2.4,1.8,0.8,0.2,0.4,1.6,8.0,6.052894e-06,East
163,164,Javonte Green,Guard,29,CHI,24,1,16.0,2.3,3.8,0.587,0.5,1.3,0.367,1.8,2.6,0.694,0.647,0.9,1.4,0.636,1.0,2.1,3.1,0.8,0.9,0.7,0.8,1.7,5.8,6.0445764e-06,East
232,233,Tyus Jones,Guard,26,MEM,27,5,23.8,4.1,9.2,0.448,1.6,4.0,0.385,2.6,5.1,0.496,0.532,0.8,1.1,0.7,0.4,1.8,2.2,4.9,0.8,0.1,1.1,0.4,10.6,5.971097e-06,West
297,298,Bryce McGowens,Guard,20,CHO,12,0,15.2,1.5,3.6,0.419,0.5,1.3,0.375,1.0,2.3,0.444,0.488,0.9,1.0,0.917,0.3,1.2,1.4,1.1,0.3,0.3,0.5,0.6,4.4,5.74104e-06,East
64,65,Troy Brown Jr.,Frontcourt,23,LAL,24,16,24.4,2.6,6.1,0.429,0.9,3.0,0.31,1.7,3.2,0.539,0.503,0.7,0.7,1.0,0.9,3.5,4.3,0.8,0.8,0.1,0.9,1.5,6.9,5.7215652e-06,West
51,52,James Bouknight,Guard,22,CHO,21,0,15.9,1.9,5.5,0.339,0.7,2.9,0.25,1.1,2.6,0.436,0.404,0.7,1.0,0.682,0.2,2.0,2.2,1.2,0.5,0.2,0.9,1.4,5.1,5.537843e-06,East
483,482,Christian Wood,Frontcourt,27,DAL,25,1,26.2,6.2,11.4,0.544,1.5,3.6,0.411,4.7,7.8,0.605,0.609,2.7,4.0,0.677,1.2,6.5,7.6,1.4,0.4,0.5,2.3,2.8,16.6,5.526774e-06,West
292,293,T.J. McConnell,Guard,30,IND,26,0,17.7,2.4,5.3,0.449,0.2,0.6,0.267,2.2,4.7,0.472,0.464,0.6,0.7,0.889,0.6,1.8,2.4,4.3,1.2,0.2,1.6,1.2,5.5,5.4957327e-06,East
259,260,Damion Lee,Guard,30,PHO,28,0,21.4,2.8,6.2,0.454,1.9,3.9,0.473,1.0,2.3,0.422,0.603,0.8,0.9,0.92,0.7,2.7,3.4,1.3,0.5,0.1,0.8,1.5,8.3,5.474881e-06,West
31,32,Keita Bates-Diop,Frontcourt,27,SAS,23,9,18.3,3.2,6.0,0.536,0.5,1.4,0.375,2.7,4.6,0.585,0.58,1.2,1.5,0.794,1.3,1.7,3.0,0.7,0.7,0.2,0.8,0.7,8.1,5.0867147e-06,West
39,40,Saddiq Bey,Frontcourt,23,DET,26,17,29.2,4.6,11.4,0.401,1.6,5.4,0.298,3.0,6.0,0.494,0.471,3.6,4.2,0.87,1.0,3.3,4.2,1.7,0.9,0.2,1.1,1.8,14.4,4.95247e-06,East
162,163,JaMychal Green,Frontcourt,32,GSW,26,1,15.0,2.3,4.5,0.509,0.4,1.7,0.25,1.8,2.8,0.667,0.556,0.7,0.9,0.75,1.3,2.4,3.7,0.7,0.5,0.3,1.0,2.1,5.7,4.9281266e-06,West
354,355,Aleksej Pokusevski,Frontcourt,21,OKC,25,19,22.2,3.5,7.9,0.447,1.2,3.2,0.392,2.3,4.7,0.483,0.525,0.6,0.9,0.609,1.6,3.7,5.2,1.9,0.5,1.4,1.4,1.8,8.8,4.836372e-06,West
318,319,Trey Murphy III,Frontcourt,22,NOP,25,15,28.7,4.2,9.1,0.456,2.3,5.8,0.39,1.9,3.3,0.573,0.581,1.8,1.9,0.917,1.0,3.2,4.2,1.5,1.2,0.5,0.9,1.9,12.4,4.665702e-06,West
67,68,Reggie Bullock,Frontcourt,31,DAL,27,18,27.0,1.7,4.9,0.341,1.3,4.1,0.318,0.4,0.8,0.455,0.473,0.5,0.7,0.7,0.4,2.7,3.0,0.9,0.8,0.1,0.4,2.2,5.1,4.643919e-06,West
415,414,Jalen Smith,Frontcourt,22,IND,28,26,22.1,3.8,9.0,0.425,1.1,4.1,0.281,2.7,4.9,0.543,0.488,1.8,2.4,0.758,1.8,4.8,6.5,1.2,0.4,1.0,1.3,2.2,10.6,4.6063433e-06,East
422,421,Edmond Sumner,Guard,27,BRK,24,9,15.5,2.6,5.7,0.463,0.6,2.0,0.286,2.0,3.6,0.563,0.515,1.8,2.0,0.915,0.4,1.2,1.6,1.4,1.0,0.2,1.1,1.6,7.6,4.5514666e-06,East
111,112,Ousmane Dieng,Frontcourt,19,OKC,14,0,15.7,1.8,4.2,0.424,0.7,2.4,0.294,1.1,1.8,0.6,0.508,0.1,0.3,0.25,0.4,2.4,2.9,1.4,0.4,0.3,0.5,0.9,4.4,4.5285674e-06,West
77,78,Jevon Carter,Guard,27,MIL,27,22,26.3,3.0,6.9,0.435,1.4,3.4,0.409,1.6,3.4,0.462,0.538,0.6,0.7,0.842,0.7,2.1,2.8,3.4,1.4,0.6,1.3,2.3,8.0,4.472369e-06,East
365,366,Joshua Primo,Guard,20,SAS,4,0,23.3,2.3,6.5,0.346,0.8,3.0,0.25,1.5,3.5,0.429,0.404,1.8,2.3,0.778,0.5,2.8,3.3,4.5,0.3,0.5,2.8,2.0,7.0,4.3766067e-06,West
336,337,Jordan Nwora,Frontcourt,24,MIL,23,3,17.7,2.1,5.9,0.363,1.1,3.0,0.371,1.0,2.8,0.354,0.459,1.0,1.3,0.828,0.9,2.5,3.3,1.0,0.3,0.1,0.9,0.9,6.4,4.1877784e-06,East
349,350,Cameron Payne,Guard,28,PHO,26,14,24.8,4.7,11.4,0.416,1.8,4.8,0.387,2.9,6.6,0.436,0.497,1.4,1.8,0.766,0.3,2.0,2.4,5.3,1.0,0.2,2.0,2.1,12.7,4.165854e-06,West
366,367,Taurean Prince,Frontcourt,28,MIN,18,0,19.6,2.8,5.7,0.495,1.2,3.0,0.389,1.7,2.7,0.612,0.597,1.1,1.2,0.864,0.3,2.2,2.5,1.2,0.3,0.2,1.2,2.4,7.9,4.1320477e-06,West
196,197,Aaron Holiday,Guard,26,ATL,25,2,18.0,1.9,4.5,0.416,0.7,1.7,0.405,1.2,2.8,0.423,0.491,0.7,0.8,0.85,0.6,1.0,1.6,1.6,0.8,0.2,0.8,1.7,5.1,4.1316143e-06,East
362,363,Dwight Powell,Frontcourt,31,DAL,25,21,17.0,2.2,3.2,0.688,0.0,0.0,0.0,2.2,3.2,0.696,0.688,1.3,2.0,0.653,1.8,1.7,3.5,0.5,0.5,0.4,0.8,2.4,5.7,4.043538e-06,West
402,401,Landry Shamet,Guard,25,PHO,19,1,16.8,2.3,5.6,0.411,1.6,4.2,0.38,0.7,1.5,0.5,0.551,0.9,1.1,0.85,0.3,0.7,1.0,1.4,0.7,0.2,0.9,1.4,7.1,4.0273208e-06,West
185,186,Sam Hauser,Frontcourt,25,BOS,29,0,16.3,2.3,4.9,0.472,1.9,4.3,0.432,0.4,0.6,0.765,0.662,0.2,0.3,0.778,0.4,2.1,2.4,0.7,0.2,0.2,0.3,1.3,6.7,3.9907854e-06,East
429,428,Cam Thomas,Guard,21,BRK,22,0,15.3,2.3,5.8,0.402,0.5,1.3,0.357,1.9,4.5,0.414,0.441,2.1,2.7,0.783,0.1,1.2,1.3,1.5,0.4,0.1,0.8,1.0,7.2,3.901988e-06,East
481,480,Justise Winslow,Frontcourt,26,POR,25,10,27.7,2.9,7.1,0.412,0.5,1.5,0.316,2.4,5.6,0.439,0.446,0.8,1.1,0.714,1.7,3.6,5.2,3.7,1.0,0.4,1.5,3.2,7.1,3.8866533e-06,West
372,373,Austin Reaves,Guard,24,LAL,27,9,29.3,3.4,6.7,0.511,1.2,3.1,0.376,2.2,3.5,0.632,0.6,2.6,2.8,0.908,0.7,2.3,3.0,2.2,0.5,0.4,1.1,1.6,10.6,3.6223144e-06,West
373,374,Cam Reddish,Frontcourt,23,NYK,20,8,21.9,3.1,6.8,0.449,0.9,2.8,0.304,2.2,4.0,0.55,0.511,1.5,1.7,0.879,0.4,1.2,1.6,1.0,0.8,0.4,0.8,1.6,8.4,3.5690616e-06,East
247,248,John Konchar,Guard,26,MEM,25,17,27.6,3.2,6.7,0.473,1.5,3.9,0.392,1.6,2.8,0.586,0.587,0.6,0.7,0.882,1.3,5.0,6.3,1.5,1.1,0.3,0.7,1.8,8.4,3.567241e-06,West
21,22,Mo Bamba,Frontcourt,24,ORL,23,5,18.7,3.1,6.1,0.504,1.1,2.9,0.388,2.0,3.2,0.608,0.596,1.2,1.7,0.692,1.1,4.1,5.2,1.1,0.2,0.9,0.8,2.4,8.5,3.4591412e-06,East
30,31,Charles Bassey,Frontcourt,22,SAS,18,1,16.2,2.6,3.7,0.687,0.1,0.3,0.333,2.4,3.4,0.721,0.701,0.8,1.2,0.636,2.3,3.8,6.1,1.6,0.4,1.2,1.3,2.6,6.0,3.4197772e-06,West
304,305,Shake Milton,Guard,26,PHI,23,8,24.5,4.5,8.7,0.517,0.9,2.3,0.377,3.7,6.4,0.568,0.567,1.7,1.9,0.864,0.7,2.5,3.2,3.5,0.3,0.2,1.8,1.9,11.6,3.3768329e-06,East
266,267,Nassir Little,Frontcourt,22,POR,21,0,15.3,2.0,4.3,0.473,0.8,2.0,0.372,1.3,2.3,0.563,0.56,0.7,1.0,0.667,0.3,2.0,2.4,0.9,0.4,0.1,0.7,0.8,5.5,3.260179e-06,West
306,307,Davion Mitchell,Guard,24,SAC,27,3,19.7,2.6,5.9,0.437,0.7,2.6,0.29,1.8,3.3,0.551,0.5,0.4,0.6,0.706,0.2,1.5,1.7,2.4,0.5,0.3,1.1,1.6,6.3,3.1413445e-06,West
435,434,Obi Toppin,Frontcourt,24,NYK,25,0,17.1,2.9,6.8,0.421,1.4,3.9,0.351,1.5,3.0,0.514,0.52,0.6,0.7,0.824,0.6,3.2,3.8,1.0,0.4,0.2,0.8,1.1,7.7,3.1013053e-06,East
90,91,Zach Collins,Frontcourt,25,SAS,17,6,20.6,3.5,6.8,0.522,0.6,2.2,0.297,2.9,4.6,0.628,0.57,0.9,1.3,0.682,1.8,3.9,5.8,2.8,0.6,0.9,2.3,3.9,8.6,3.0252372e-06,West
12,13,Cole Anthony,Guard,22,ORL,12,3,26.7,4.7,10.8,0.434,1.4,4.0,0.354,3.3,6.8,0.481,0.5,2.8,3.2,0.868,0.5,4.0,4.5,4.1,1.0,0.3,1.6,3.4,13.5,3.0237718e-06,East
173,174,Tim Hardaway Jr.,Guard,30,DAL,27,10,25.6,4.1,11.2,0.366,2.8,7.7,0.364,1.3,3.5,0.372,0.492,1.9,2.4,0.797,0.3,2.3,2.6,1.7,0.9,0.1,1.0,1.4,12.9,2.986336e-06,West
466,465,Coby White,Guard,22,CHI,19,0,20.0,2.8,6.9,0.405,1.5,4.5,0.329,1.3,2.4,0.543,0.511,0.5,0.7,0.714,0.2,2.2,2.4,1.9,0.6,0.2,0.8,1.6,7.6,2.9661298e-06,East
448,447,Dean Wade,Frontcourt,26,CLE,17,9,24.1,2.2,4.9,0.452,1.4,3.3,0.411,0.9,1.6,0.536,0.589,0.5,0.8,0.692,0.6,3.5,4.1,1.0,0.7,0.4,0.4,2.5,6.4,2.950638e-06,East
357,358,Michael Porter Jr.,Frontcourt,24,DEN,16,16,29.1,6.0,12.9,0.466,2.9,6.9,0.427,3.1,6.0,0.51,0.58,1.5,1.9,0.8,1.2,4.8,6.0,1.3,0.6,0.4,1.1,2.6,16.4,2.8865477e-06,West
450,449,Moritz Wagner,Frontcourt,25,ORL,11,7,26.1,4.0,8.4,0.478,0.9,3.5,0.263,3.1,4.9,0.63,0.533,2.4,2.7,0.867,1.9,4.6,6.5,2.2,0.6,0.4,1.9,3.8,11.3,2.8484028e-06,East
256,257,Jake LaRavia,Frontcourt,21,MEM,17,0,17.6,1.7,4.1,0.414,1.1,2.9,0.388,0.6,1.2,0.476,0.55,0.3,0.3,1.0,0.8,2.2,3.0,0.9,0.5,0.2,0.9,1.9,4.8,2.8481095e-06,West
338,339,Chuma Okeke,Frontcourt,24,ORL,18,7,21.8,1.8,4.8,0.368,1.0,3.3,0.3,0.8,1.5,0.519,0.471,0.9,1.2,0.762,1.2,3.1,4.2,1.4,0.6,0.5,0.5,1.9,5.4,2.8412028e-06,East
172,173,R.J. Hampton,Guard,21,ORL,21,0,15.6,2.2,5.0,0.438,0.8,2.3,0.347,1.4,2.7,0.518,0.519,1.3,1.5,0.871,0.4,1.2,1.6,1.5,0.8,0.2,0.9,1.0,6.5,2.815068e-06,East
179,180,Joe Harris,Guard,31,BRK,26,17,26.3,3.2,7.6,0.414,1.9,5.2,0.373,1.2,2.5,0.5,0.54,0.5,0.7,0.706,0.5,2.5,3.0,1.7,0.7,0.3,0.6,2.6,8.7,2.774516e-06,East
462,461,Trendon Watford,Frontcourt,22,POR,19,2,17.1,1.8,3.2,0.557,0.2,0.6,0.364,1.6,2.6,0.6,0.59,1.3,1.5,0.828,0.8,3.0,3.8,1.6,0.5,0.2,1.0,1.6,5.1,2.7430654e-06,West
378,379,Josh Richardson,Guard,29,SAS,21,3,23.2,3.7,9.0,0.413,1.9,5.0,0.368,1.9,4.0,0.47,0.516,1.4,1.6,0.853,0.5,1.9,2.4,2.9,0.8,0.1,1.8,1.7,10.7,2.7249757e-06,West
113,114,Donte DiVincenzo,Guard,26,GSW,21,2,19.2,2.0,5.3,0.378,1.2,3.6,0.347,0.8,1.7,0.444,0.495,0.8,1.0,0.8,0.8,3.2,4.0,2.4,1.1,0.1,1.4,1.9,6.0,2.63753e-06,West
467,466,Derrick White,Guard,28,BOS,29,22,25.4,3.4,7.5,0.454,1.7,4.2,0.413,1.7,3.3,0.505,0.569,1.6,1.9,0.87,0.5,2.2,2.8,3.1,0.8,0.7,0.9,2.4,10.2,2.5310417e-06,East
469,468,Aaron Wiggins,Guard,24,OKC,20,5,18.9,2.2,4.5,0.489,0.7,1.7,0.394,1.6,2.9,0.544,0.561,0.9,1.2,0.783,1.0,2.5,3.5,1.6,0.6,0.2,0.7,1.6,6.0,2.525968e-06,West
445,444,Gabe Vincent,Guard,26,MIA,19,0,24.8,3.2,8.1,0.39,1.4,4.8,0.297,1.7,3.3,0.524,0.477,1.1,1.3,0.84,0.3,1.8,2.1,2.9,0.8,0.1,1.4,2.6,8.8,2.523931e-06,East
355,356,Jordan Poole,Guard,23,GSW,29,10,28.4,6.1,14.5,0.424,2.4,7.4,0.319,3.8,7.0,0.534,0.506,3.2,3.7,0.861,0.3,1.9,2.2,4.6,0.8,0.3,3.1,2.3,17.9,2.4204521e-06,West
275,276,Théo Maledon,Guard,21,CHO,26,1,16.8,2.0,4.4,0.443,0.6,1.6,0.381,1.3,2.8,0.479,0.513,1.3,1.4,0.917,0.3,2.3,2.5,2.3,0.7,0.2,1.1,1.0,5.8,2.3980708e-06,East
281,282,Naji Marshall,Frontcourt,25,NOP,25,4,21.9,2.8,6.2,0.455,0.9,2.5,0.349,2.0,3.7,0.527,0.526,1.3,1.6,0.805,0.8,2.3,3.1,2.3,0.7,0.3,0.9,1.3,7.9,2.3905266e-06,West
235,236,Nikola Jović,Frontcourt,19,MIA,11,6,15.4,2.1,5.2,0.404,0.5,2.5,0.214,1.5,2.6,0.586,0.456,1.6,1.7,0.947,0.7,1.7,2.5,0.9,0.5,0.1,0.8,1.2,6.4,2.3558835e-06,East
56,57,Oshae Brissett,Frontcourt,24,IND,24,0,16.2,1.8,4.4,0.419,1.0,2.6,0.365,0.9,1.8,0.5,0.529,1.5,2.1,0.725,0.8,2.4,3.1,0.5,0.8,0.2,0.5,1.4,6.2,2.3105326e-06,East
187,188,Killian Hayes,Guard,21,DET,30,17,24.6,3.5,9.2,0.378,1.1,3.2,0.344,2.4,6.0,0.397,0.438,0.6,0.8,0.76,0.4,2.4,2.8,5.2,1.1,0.4,1.7,3.0,8.7,2.3009693e-06,East
246,247,Christian Koloko,Frontcourt,22,TOR,28,15,16.5,1.4,3.1,0.448,0.0,0.3,0.0,1.4,2.9,0.488,0.448,1.0,1.5,0.651,1.7,1.8,3.5,0.5,0.3,1.3,0.5,2.7,3.8,2.2122215e-06,East
267,268,Isaiah Livers,Frontcourt,24,DET,22,7,19.5,1.9,4.7,0.404,1.3,3.7,0.358,0.6,1.0,0.565,0.543,0.7,0.9,0.75,0.5,1.8,2.3,0.6,0.4,0.5,0.6,1.9,5.8,2.1963922e-06,East
18,19,Marvin Bagley III,Frontcourt,23,DET,17,13,22.8,4.6,8.4,0.545,0.4,1.3,0.318,4.2,7.1,0.587,0.57,1.4,1.9,0.75,2.2,3.9,6.1,0.6,0.7,0.8,1.1,2.2,11.0,2.1844833e-06,East
229,230,Herbert Jones,Frontcourt,24,NOP,18,18,27.7,3.6,8.2,0.442,0.8,2.8,0.275,2.8,5.3,0.531,0.49,2.3,3.1,0.75,1.2,2.3,3.5,2.1,1.1,0.8,1.2,3.2,10.3,2.1609776e-06,West
424,423,Jae'Sean Tate,Frontcourt,27,HOU,3,2,22.7,3.3,6.7,0.5,0.7,1.7,0.4,2.7,5.0,0.533,0.55,1.0,1.3,0.75,2.7,1.7,4.3,3.3,1.0,0.0,1.7,5.0,8.3,2.1399444e-06,West
321,322,Keegan Murray,Frontcourt,22,SAC,25,23,28.5,4.2,9.9,0.423,2.1,5.9,0.358,2.1,4.0,0.52,0.53,1.0,1.2,0.839,0.9,3.2,4.0,0.8,0.8,0.7,1.3,2.2,11.6,2.1158103e-06,West
203,204,Caleb Houstan,Frontcourt,20,ORL,21,1,18.7,1.4,3.8,0.363,1.0,2.7,0.351,0.4,1.1,0.391,0.488,0.5,0.6,0.846,0.7,1.9,2.6,0.8,0.2,0.1,0.3,1.7,4.2,2.0753916e-06,East
207,208,Bones Hyland,Guard,22,DEN,19,0,21.7,4.8,11.7,0.414,2.8,6.3,0.442,2.1,5.4,0.382,0.534,2.2,2.6,0.82,0.3,1.9,2.2,3.5,0.7,0.4,1.8,1.7,14.6,2.0202515e-06,West
346,347,Cedi Osman,Frontcourt,27,CLE,28,0,23.1,3.3,7.5,0.443,1.3,4.1,0.325,2.0,3.4,0.583,0.531,1.0,1.4,0.692,0.3,2.7,3.0,1.6,0.4,0.1,0.9,1.9,8.9,2.0015823e-06,East
79,80,Alex Caruso,Guard,28,CHI,26,10,25.5,1.7,4.0,0.419,0.8,2.2,0.351,0.9,1.8,0.5,0.514,1.0,1.3,0.765,0.3,2.3,2.7,3.8,1.6,0.7,1.3,2.3,5.2,1.9715787e-06,East
329,330,Daishen Nix,Guard,20,HOU,25,0,15.0,1.2,3.4,0.353,0.8,2.2,0.339,0.4,1.2,0.379,0.465,0.6,0.8,0.789,0.4,1.4,1.8,2.6,0.7,0.1,1.4,0.9,3.8,1.9404497e-06,West
328,329,Georges Niang,Frontcourt,29,PHI,25,0,19.7,3.3,7.2,0.464,2.3,5.3,0.436,1.0,1.8,0.543,0.626,0.5,0.6,0.867,0.2,2.0,2.2,1.2,0.4,0.3,0.8,2.2,9.5,1.8679107e-06,East
472,471,Grant Williams,Frontcourt,24,BOS,28,13,28.9,3.3,5.9,0.554,1.7,3.6,0.465,1.6,2.3,0.692,0.696,1.0,1.3,0.829,0.9,3.6,4.5,1.7,0.8,0.4,0.8,2.7,9.3,1.8631073e-06,East
253,254,Anthony Lamb,Frontcourt,25,GSW,21,2,17.9,2.2,4.3,0.511,1.0,2.7,0.375,1.2,1.6,0.735,0.628,0.1,0.3,0.333,0.7,2.5,3.2,1.5,0.7,0.2,1.0,2.1,5.5,1.8548103e-06,West
420,419,Max Strus,Frontcourt,26,MIA,27,15,31.6,4.8,11.8,0.409,2.8,8.1,0.342,2.0,3.7,0.556,0.527,1.1,1.3,0.857,0.5,2.9,3.4,1.6,0.8,0.3,1.1,2.3,13.5,1.8501798e-06,East
154,155,Jordan Goodwin,Guard,24,WAS,22,3,22.4,3.1,6.4,0.489,0.9,2.0,0.432,2.3,4.4,0.515,0.557,0.9,1.3,0.69,1.2,2.6,3.9,3.2,1.3,0.6,1.1,1.8,8.0,1.808731e-06,East
212,213,Isaiah Jackson,Frontcourt,21,IND,25,3,16.1,2.6,4.8,0.542,0.0,0.2,0.2,2.6,4.6,0.557,0.546,1.9,2.7,0.691,1.4,2.7,4.1,1.0,0.5,1.2,1.0,2.4,7.1,1.8044531e-06,East
475,474,Kenrich Williams,Frontcourt,28,OKC,21,3,20.4,2.8,5.3,0.527,0.7,1.8,0.368,2.1,3.5,0.608,0.589,0.3,0.7,0.429,1.7,2.1,3.8,1.4,0.6,0.2,0.4,1.9,6.6,1.7303234e-06,West
277,278,Terance Mann,Guard,26,LAC,29,12,21.5,3.2,6.1,0.534,0.7,1.9,0.339,2.6,4.1,0.625,0.588,1.0,1.4,0.732,1.2,2.6,3.8,1.8,0.6,0.3,1.0,1.9,8.2,1.7098222e-06,West
473,472,Jalen Williams,Guard,21,OKC,24,11,26.4,4.5,8.5,0.532,0.8,2.5,0.3,3.8,6.0,0.629,0.576,1.3,1.7,0.756,0.5,2.6,3.2,2.6,0.6,0.4,1.5,2.7,11.0,1.6963302e-06,West
178,179,Gary Harris,Guard,28,ORL,6,3,25.8,3.8,8.0,0.479,1.7,3.8,0.435,2.2,4.2,0.52,0.583,1.0,1.0,1.0,0.8,1.8,2.7,2.0,0.7,0.3,1.5,2.2,10.3,1.6885618e-06,East
278,279,Tre Mann,Guard,21,OKC,25,4,20.4,3.4,8.8,0.384,1.4,4.7,0.288,2.0,4.0,0.495,0.461,0.5,0.8,0.632,0.5,1.9,2.4,1.6,0.8,0.1,0.9,1.6,8.6,1.6838823e-06,West
385,386,David Roddy,Frontcourt,21,MEM,27,1,19.1,2.3,5.9,0.399,1.0,3.1,0.306,1.4,2.7,0.507,0.481,0.7,1.0,0.714,0.7,1.9,2.6,0.7,0.3,0.3,0.7,1.5,6.4,1.6815666e-06,West
382,383,Orlando Robinson,Frontcourt,22,MIA,2,0,20.0,3.0,6.5,0.462,0.0,1.5,0.0,3.0,5.0,0.6,0.462,1.0,1.5,0.667,1.0,3.5,4.5,0.5,1.0,0.5,0.5,2.5,7.0,1.6533411e-06,East
85,86,Brandon Clarke,Frontcourt,26,MEM,27,3,19.7,4.1,6.4,0.638,0.0,0.2,0.167,4.1,6.2,0.655,0.641,1.6,2.3,0.689,1.2,3.9,5.0,1.3,0.4,0.9,1.2,2.4,9.8,1.614284e-06,West
284,285,Kenyon Martin Jr.,Frontcourt,22,HOU,27,6,24.0,4.1,7.5,0.542,0.9,2.7,0.319,3.2,4.9,0.664,0.599,1.5,2.3,0.661,1.6,3.6,5.1,1.4,0.4,0.4,1.2,1.7,10.5,1.6001168e-06,West
99,100,Dyson Daniels,Guard,19,NOP,19,5,20.4,2.2,4.3,0.506,0.6,1.5,0.393,1.6,2.8,0.566,0.574,0.8,1.2,0.682,0.6,3.2,3.7,2.5,0.7,0.3,0.7,2.2,5.7,1.569078e-06,West
201,202,Talen Horton-Tucker,Guard,22,UTA,28,1,16.8,2.8,7.1,0.387,0.7,3.0,0.241,2.0,4.1,0.491,0.437,1.1,1.5,0.732,0.5,2.2,2.7,2.5,0.8,0.4,1.3,1.5,7.3,1.5435267e-06,West
370,371,Immanuel Quickley,Guard,23,NYK,28,0,23.6,3.5,8.6,0.404,1.2,3.9,0.312,2.3,4.7,0.481,0.475,1.9,2.3,0.841,0.6,3.6,4.3,3.0,1.0,0.1,1.4,1.9,10.0,1.5392784e-06,East
404,403,Shaedon Sharpe,Guard,19,POR,27,5,20.0,3.4,7.1,0.477,0.9,2.6,0.338,2.5,4.5,0.557,0.539,0.6,0.9,0.6,0.8,1.9,2.6,0.5,0.4,0.2,0.7,1.5,8.3,1.4938162e-06,West
332,333,Jaylen Nowell,Guard,23,MIN,28,0,18.9,4.5,10.4,0.433,1.2,4.0,0.301,3.3,6.4,0.517,0.491,1.3,1.7,0.787,0.8,2.1,2.8,2.1,0.6,0.1,1.0,1.4,11.5,1.4666467e-06,West
242,243,Corey Kispert,Frontcourt,23,WAS,21,14,28.6,3.6,7.2,0.497,1.9,4.4,0.424,1.7,2.8,0.61,0.626,0.8,1.1,0.739,0.7,1.9,2.6,1.7,0.6,0.2,0.7,1.6,9.8,1.4149105e-06,East
165,166,Josh Green,Guard,22,DAL,25,1,20.3,2.4,4.1,0.583,1.0,2.2,0.444,1.4,2.0,0.735,0.699,1.3,1.8,0.711,0.9,1.4,2.3,1.2,0.9,0.0,0.7,2.5,7.0,1.3914104e-06,West
183,184,Isaiah Hartenstein,Frontcourt,24,NYK,28,7,20.7,2.7,4.9,0.543,0.2,0.8,0.261,2.5,4.1,0.6,0.565,0.8,1.0,0.815,3.0,4.0,7.0,0.8,0.8,0.9,0.9,2.6,6.4,1.2759657e-06,East
383,384,Jeremiah Robinson-Earl,Frontcourt,22,OKC,26,18,21.1,3.3,6.7,0.489,1.1,2.9,0.382,2.2,3.8,0.571,0.572,0.8,1.1,0.786,2.0,3.0,5.0,1.0,0.7,0.4,0.6,1.9,8.5,1.2365339e-06,West
126,127,Tari Eason,Frontcourt,21,HOU,27,0,18.6,3.2,7.5,0.431,0.7,2.0,0.358,2.5,5.5,0.456,0.478,1.3,1.6,0.857,2.2,3.1,5.3,0.8,1.3,0.5,0.9,2.1,8.5,1.2163943e-06,West
168,169,Quentin Grimes,Guard,22,NYK,18,13,24.1,2.8,5.9,0.477,1.2,3.5,0.349,1.6,2.4,0.659,0.579,0.6,0.7,0.833,0.8,2.5,3.3,1.7,0.6,0.4,1.0,2.7,7.4,1.1654066e-06,East
255,256,Romeo Langford,Guard,23,SAS,16,5,19.8,2.6,5.4,0.483,0.3,1.5,0.208,2.3,3.9,0.587,0.511,1.0,1.4,0.696,1.6,1.4,3.0,0.9,0.7,0.4,0.8,1.8,6.6,1.154157e-06,West
325,326,Andrew Nembhard,Guard,23,IND,24,15,25.4,3.4,7.2,0.474,1.5,3.7,0.404,1.9,3.5,0.548,0.578,0.5,0.6,0.867,0.4,2.6,3.0,4.0,1.0,0.2,1.4,2.8,8.9,1.1440532e-06,East
287,288,Bennedict Mathurin,Guard,20,IND,29,1,29.0,5.7,13.4,0.421,1.9,5.4,0.359,3.7,8.1,0.462,0.492,4.6,5.7,0.806,1.2,2.9,4.1,1.6,0.6,0.1,1.9,1.9,17.8,1.0765215e-06,East
166,167,AJ Griffin,Frontcourt,19,ATL,25,8,21.1,4.1,9.0,0.453,1.6,4.7,0.347,2.4,4.3,0.57,0.544,0.5,0.6,0.857,0.8,1.3,2.1,0.9,1.0,0.1,0.9,1.2,10.3,1.036051e-06,East
340,341,Onyeka Okongwu,Frontcourt,22,ATL,28,3,21.0,3.3,5.3,0.617,0.0,0.1,0.0,3.3,5.2,0.63,0.617,1.6,2.1,0.733,2.4,4.1,6.5,0.9,0.6,0.7,1.0,3.0,8.1,1.0206171e-06,East
221,222,Jalen Johnson,Frontcourt,21,ATL,27,6,16.2,2.0,4.6,0.447,0.4,1.7,0.217,1.7,2.9,0.584,0.488,0.6,0.9,0.696,0.6,3.0,3.7,1.1,0.6,0.4,0.6,1.9,5.0,1.0070031e-06,East
326,327,Aaron Nesmith,Frontcourt,23,IND,25,14,21.6,2.7,7.0,0.391,1.5,4.0,0.366,1.2,2.9,0.425,0.497,1.1,1.3,0.844,0.6,2.6,3.2,1.1,0.8,0.6,1.0,3.0,8.0,9.718524e-07,East
263,264,Caris LeVert,Guard,28,CLE,25,16,31.0,4.4,11.1,0.396,1.5,4.3,0.352,2.9,6.8,0.424,0.464,2.0,2.6,0.785,0.8,3.4,4.2,4.4,0.7,0.1,1.8,2.2,12.4,9.543685e-07,East
4,5,Santi Aldama,Frontcourt,22,MEM,26,16,24.7,3.6,7.7,0.47,1.3,3.8,0.357,2.3,3.9,0.578,0.558,1.5,2.0,0.745,1.5,4.3,5.8,1.4,0.8,0.9,0.6,2.5,10.0,9.4750436e-07,West
341,342,Isaac Okoro,Guard,22,CLE,29,4,18.4,1.4,3.6,0.398,0.4,1.7,0.245,1.0,1.9,0.537,0.456,0.8,1.0,0.821,0.5,1.6,2.0,0.6,0.6,0.3,0.7,1.9,4.0,9.2441127e-07,East
294,295,Jalen McDaniels,Frontcourt,25,CHO,28,9,27.0,4.0,8.7,0.455,1.3,3.5,0.357,2.7,5.2,0.521,0.527,1.6,1.8,0.882,0.9,3.9,4.8,2.3,1.0,0.5,1.3,3.0,10.8,9.0347714e-07,East
251,252,Jonathan Kuminga,Frontcourt,20,GSW,25,2,17.5,2.8,5.8,0.479,0.6,2.0,0.286,2.2,3.9,0.577,0.527,1.2,1.7,0.698,1.0,2.2,3.2,1.2,0.4,0.5,1.4,2.2,7.4,8.899978e-07,West
117,118,Ayo Dosunmu,Guard,23,CHI,25,21,27.6,4.2,8.0,0.517,1.0,2.9,0.342,3.2,5.1,0.617,0.58,0.9,1.0,0.88,0.6,2.8,3.3,2.8,0.7,0.4,1.5,2.5,10.2,8.8150256e-07,East
416,415,Jeremy Sochan,Frontcourt,19,SAS,22,20,24.4,3.4,7.3,0.463,0.4,2.1,0.174,3.0,5.2,0.579,0.488,0.5,1.0,0.5,1.2,2.8,4.0,2.1,0.9,0.5,1.5,2.5,7.6,8.2419433e-07,West
125,126,Jalen Duren,Frontcourt,19,DET,27,3,22.5,2.8,4.7,0.598,0.0,0.0,0.0,2.8,4.7,0.603,0.598,1.0,1.9,0.51,3.0,4.7,7.7,0.7,0.6,0.9,1.1,2.4,6.6,8.108261e-07,East
109,110,Hamidou Diallo,Guard,24,DET,25,0,15.2,2.4,5.0,0.484,0.1,0.5,0.154,2.3,4.4,0.523,0.492,1.4,2.2,0.636,0.9,1.9,2.8,0.9,0.5,0.2,0.8,2.1,6.3,7.3323054e-07,East
401,400,Collin Sexton,Guard,24,UTA,27,10,24.5,4.9,9.9,0.493,0.9,2.6,0.362,4.0,7.4,0.538,0.539,3.6,4.4,0.831,0.8,1.6,2.4,3.0,0.6,0.1,1.8,2.3,14.3,5.83301e-07,West
15,16,Deni Avdija,Frontcourt,22,WAS,29,26,25.5,2.9,7.0,0.414,0.8,3.0,0.279,2.1,4.0,0.513,0.473,1.1,1.5,0.75,0.9,4.4,5.3,2.7,0.9,0.6,1.4,3.1,7.8,4.6665465e-07,East
311,312,Malik Monk,Guard,24,SAC,27,0,22.9,5.3,11.4,0.463,2.1,5.9,0.35,3.2,5.4,0.585,0.554,2.3,2.5,0.91,0.4,1.9,2.3,3.8,0.7,0.1,2.0,1.6,14.9,3.994129e-07,West
8,9,Jose Alvarado,Guard,24,NOP,27,6,20.7,3.4,7.6,0.454,1.5,4.0,0.38,1.9,3.6,0.536,0.554,1.1,1.4,0.769,0.4,1.8,2.2,3.2,1.3,0.1,1.4,2.2,9.5,3.5793687e-07,West
3,4,Ochai Agbaji,Guard,22,UTA,12,0,9.0,1.2,2.7,0.438,0.3,1.2,0.286,0.8,1.5,0.556,0.5,0.3,0.6,0.571,0.5,0.8,1.3,0.1,0.1,0.0,0.0,1.0,3.0,,West
5,6,Nickeil Alexander-Walker,Guard,24,UTA,19,2,14.6,2.4,5.0,0.484,1.2,2.7,0.442,1.2,2.3,0.535,0.605,0.7,1.0,0.737,0.3,1.4,1.6,2.0,0.6,0.4,1.3,1.6,6.8,,West
11,12,Thanasis Antetokounmpo,Frontcourt,30,MIL,13,0,3.6,0.2,0.4,0.4,0.0,0.1,0.0,0.2,0.3,0.5,0.4,0.0,0.0,,0.2,0.7,0.8,0.2,0.0,0.2,0.4,0.2,0.3,,East
14,15,Ryan Arcidiacono,Guard,28,NYK,6,0,2.7,0.0,0.5,0.0,0.0,0.3,0.0,0.0,0.2,0.0,0.0,0.0,0.0,,0.0,0.3,0.3,0.3,0.3,0.0,0.2,0.3,0.0,,East
17,18,Udoka Azubuike,Frontcourt,23,UTA,10,0,3.9,0.7,0.8,0.875,0.0,0.0,,0.7,0.8,0.875,0.875,0.2,0.6,0.333,0.5,1.2,1.7,0.3,0.2,0.3,0.2,0.3,1.6,,West
19,20,Patrick Baldwin Jr.,Frontcourt,20,GSW,5,0,6.4,1.2,2.6,0.462,0.8,2.2,0.364,0.4,0.4,1.0,0.615,0.0,0.0,,0.0,1.2,1.2,0.0,0.6,0.0,0.2,0.0,3.2,,West
24,25,Dalano Banton,Guard,23,TOR,21,2,10.0,2.0,4.7,0.429,0.6,2.0,0.31,1.4,2.7,0.518,0.495,0.7,0.8,0.875,0.4,1.1,1.5,1.1,0.6,0.6,0.6,1.1,5.3,,East
25,26,Dominick Barlow,Frontcourt,19,SAS,4,0,6.5,0.8,1.8,0.429,0.0,0.8,0.0,0.8,1.0,0.75,0.429,1.0,1.0,1.0,0.5,0.3,0.8,0.8,0.3,0.0,0.0,0.8,2.5,,West
36,37,MarJon Beauchamp,Frontcourt,22,MIL,16,6,14.8,1.9,5.1,0.378,0.8,2.6,0.31,1.1,2.5,0.45,0.457,0.4,0.6,0.7,1.0,1.9,2.9,0.4,0.4,0.1,1.2,1.7,5.1,,East
37,38,Dāvis Bertāns,Frontcourt,30,DAL,11,0,7.5,1.0,2.8,0.355,0.8,2.3,0.36,0.2,0.5,0.333,0.5,0.5,0.5,0.833,0.2,0.5,0.7,0.4,0.1,0.0,0.3,1.2,3.3,,West
40,41,Khem Birch,Frontcourt,30,TOR,16,0,7.7,1.1,1.8,0.607,0.1,0.1,0.5,1.0,1.6,0.615,0.625,0.3,0.3,0.8,0.5,0.6,1.1,0.3,0.3,0.3,0.3,1.3,2.4,,East
41,42,Goga Bitadze,Frontcourt,23,IND,16,0,9.9,1.4,2.6,0.548,0.2,0.8,0.25,1.3,1.9,0.667,0.583,0.6,1.1,0.5,1.0,1.3,2.3,1.0,0.4,0.6,0.6,1.8,3.6,,East
42,43,Bismack Biyombo,Frontcourt,30,PHO,22,2,12.3,1.4,2.6,0.544,0.0,0.0,,1.4,2.6,0.544,0.544,0.4,1.0,0.409,1.0,2.4,3.4,0.8,0.3,1.5,1.0,1.8,3.2,,West
43,44,Buddy Boeheim,Guard,23,DET,1,0,1.0,0.0,0.0,,0.0,0.0,,0.0,0.0,,,0.0,0.0,,0.0,0.0,0.0,0.0,0.0,0.0,0.0,0.0,0.0,,East
47,48,Leandro Bolmaro,Guard,22,UTA,6,0,7.0,0.3,1.5,0.222,0.0,0.3,0.0,0.3,1.2,0.286,0.222,0.0,0.0,,0.2,0.2,0.3,1.0,0.3,0.2,0.5,0.7,0.7,,West
49,50,Brandon Boston Jr.,Guard,21,LAC,11,0,8.5,1.6,4.3,0.383,0.7,1.4,0.533,0.9,2.9,0.313,0.468,0.6,0.8,0.778,0.3,0.7,1.0,0.5,0.2,0.0,0.4,0.5,4.6,,West
52,53,Tony Bradley,Frontcourt,25,CHI,7,0,2.7,0.4,0.7,0.6,0.3,0.4,0.667,0.1,0.3,0.5,0.8,0.3,0.3,1.0,0.1,0.9,1.0,0.1,0.1,0.0,0.1,0.1,1.4,,East
54,55,Christian Braun,Guard,21,DEN,25,0,14.1,1.3,3.0,0.446,0.3,0.9,0.348,1.0,2.0,0.49,0.5,0.4,0.7,0.556,0.6,1.4,2.1,0.6,0.3,0.2,0.3,1.1,3.4,,West
60,61,Greg Brown III,Frontcourt,21,POR,7,0,7.1,1.0,2.1,0.467,0.1,0.7,0.2,0.9,1.4,0.6,0.5,0.3,1.1,0.25,0.1,0.9,1.0,0.0,0.4,0.6,0.4,1.0,2.4,,West
62,63,Kendall Brown,Guard,19,IND,6,0,6.7,0.7,1.2,0.571,0.0,0.2,0.0,0.7,1.0,0.667,0.571,0.2,0.3,0.5,0.3,0.7,1.0,0.5,0.7,0.0,0.3,1.5,1.5,,East
63,64,Moses Brown,Frontcourt,23,LAC,22,0,6.1,1.5,2.2,0.653,0.0,0.0,,1.5,2.2,0.653,0.653,1.0,2.0,0.488,1.1,1.6,2.7,0.1,0.0,0.4,0.2,0.9,3.9,,West
66,67,Thomas Bryant,Frontcourt,25,LAL,13,2,14.5,3.2,4.5,0.695,0.2,0.8,0.3,2.9,3.8,0.776,0.72,2.0,2.8,0.722,1.1,3.0,4.1,0.6,0.2,0.7,0.4,1.4,8.5,,West
70,71,John Butler,Frontcourt,20,POR,4,0,3.8,0.3,0.8,0.333,0.0,0.5,0.0,0.3,0.3,1.0,0.333,0.0,0.0,,0.3,0.3,0.5,0.3,0.0,0.3,0.0,0.0,0.5,,West
71,72,Jamal Cain,Frontcourt,23,MIA,8,0,11.6,1.9,3.5,0.536,0.1,0.8,0.167,1.8,2.8,0.636,0.554,0.5,0.8,0.667,0.9,1.5,2.4,0.6,0.6,0.0,0.3,1.3,4.4,,East
73,74,Facundo Campazzo,Guard,31,DAL,8,0,6.5,0.4,1.6,0.231,0.4,1.4,0.273,0.0,0.3,0.0,0.346,0.1,0.3,0.5,0.0,0.3,0.3,1.1,0.8,0.0,0.4,0.4,1.3,,West
74,75,Vlatko Čančar,Frontcourt,25,DEN,18,0,11.4,1.7,3.6,0.462,0.8,1.9,0.412,0.9,1.7,0.516,0.569,0.3,0.4,0.857,0.3,1.3,1.6,0.9,0.4,0.2,0.6,1.3,4.4,,West
76,77,Vernon Carey Jr.,Frontcourt,21,WAS,3,0,1.7,0.0,0.7,0.0,0.0,0.0,,0.0,0.7,0.0,0.0,0.0,0.0,,0.0,0.3,0.3,0.0,0.0,0.0,0.3,0.7,0.0,,East
80,81,Julian Champagnie,Frontcourt,21,PHI,2,0,3.5,0.0,1.0,0.0,0.0,0.5,0.0,0.0,0.5,0.0,0.0,0.0,0.0,,0.0,0.0,0.0,0.0,0.5,0.0,0.0,0.0,0.0,,East
81,82,Justin Champagnie,Frontcourt,21,TOR,3,0,3.7,1.0,1.0,1.0,0.0,0.0,,1.0,1.0,1.0,1.0,0.0,0.0,,0.3,1.0,1.3,0.3,0.0,0.0,0.0,0.3,2.0,,East
82,83,Kennedy Chandler,Guard,20,MEM,11,0,11.7,1.5,3.9,0.372,0.2,1.1,0.167,1.3,2.8,0.452,0.395,0.3,0.6,0.429,0.2,1.6,1.8,2.5,0.6,0.4,1.1,0.5,3.4,,West
83,84,Max Christie,Guard,19,LAL,11,0,11.4,1.0,2.5,0.393,0.7,1.7,0.421,0.3,0.8,0.333,0.536,0.3,0.4,0.75,0.1,2.2,2.3,0.5,0.3,0.0,0.3,0.5,3.0,,West
84,85,Josh Christopher,Guard,21,HOU,18,0,7.0,1.2,2.8,0.44,0.2,0.8,0.214,1.1,2.0,0.528,0.47,0.3,0.3,0.833,0.3,0.8,1.1,0.6,0.3,0.1,0.7,0.7,2.9,,West
88,89,Amir Coffey,Guard,25,LAC,24,6,14.1,1.1,3.0,0.366,0.2,0.8,0.2,0.9,2.1,0.431,0.394,1.3,1.6,0.795,0.4,0.7,1.1,1.3,0.3,0.1,0.5,1.2,3.6,,West
95,96,Jarrett Culver,Guard,23,ATL,9,1,14.9,1.9,4.6,0.415,0.1,1.3,0.083,1.8,3.2,0.552,0.427,1.0,1.4,0.692,1.1,3.1,4.2,0.7,0.7,0.2,0.8,1.6,4.9,,East
101,102,Johnny Davis,Guard,20,WAS,8,0,5.6,0.4,1.4,0.273,0.0,0.3,0.0,0.4,1.1,0.333,0.273,0.4,0.4,1.0,0.1,0.5,0.6,0.3,0.0,0.1,0.1,1.5,1.1,,East
102,103,Terence Davis,Guard,25,SAC,23,2,13.6,2.7,6.0,0.445,1.5,4.0,0.385,1.1,2.0,0.565,0.573,0.6,0.7,0.875,0.5,2.4,3.0,1.4,0.7,0.3,1.0,2.0,7.4,,West
103,104,JD Davison,Guard,20,BOS,3,0,2.7,0.3,1.3,0.25,0.0,0.7,0.0,0.3,0.7,0.5,0.25,0.0,0.0,,0.0,0.3,0.3,0.3,0.3,0.0,0.3,0.0,0.7,,East
104,105,Dewayne Dedmon,Frontcourt,33,MIA,24,0,12.5,2.5,4.9,0.513,0.5,1.4,0.324,2.0,3.5,0.59,0.56,1.2,1.6,0.737,1.0,2.8,3.8,0.6,0.2,0.5,0.6,2.1,6.6,,East
105,106,Matthew Dellavedova,Guard,32,SAC,12,0,7.4,0.6,1.8,0.333,0.3,0.7,0.375,0.3,1.1,0.308,0.405,0.1,0.3,0.333,0.1,0.3,0.4,1.6,0.5,0.0,0.5,0.8,1.5,,West
107,108,Moussa Diabaté,Frontcourt,21,LAC,6,0,9.5,1.3,2.2,0.615,0.0,0.0,,1.3,2.2,0.615,0.615,1.2,1.3,0.875,2.0,1.7,3.7,0.2,0.3,0.2,0.5,0.8,3.8,,West
108,109,Mamadi Diakite,Frontcourt,26,CLE,11,2,7.5,0.9,1.9,0.476,0.4,1.1,0.333,0.5,0.8,0.667,0.571,0.0,0.0,,0.3,0.7,1.0,0.2,0.2,0.5,0.5,1.0,2.2,,East
110,111,Gorgui Dieng,Frontcourt,33,SAS,12,1,11.8,1.5,3.7,0.409,0.8,2.6,0.29,0.8,1.1,0.692,0.511,0.3,0.3,0.75,1.0,2.3,3.3,1.8,0.1,0.4,1.0,1.8,4.0,,West
115,116,Tyler Dorsey,Guard,26,DAL,2,0,3.5,2.0,2.5,0.8,0.5,1.0,0.5,1.5,1.5,1.0,0.9,0.0,0.0,,0.5,0.5,1.0,0.0,0.0,0.0,0.0,0.0,4.5,,West
118,119,Devon Dotson,Guard,23,WAS,5,0,10.0,0.2,1.8,0.111,0.2,0.6,0.333,0.0,1.2,0.0,0.167,0.0,0.0,,1.2,0.8,2.0,1.4,0.8,0.0,0.6,1.8,0.6,,East
119,120,Jeff Dowtin,Guard,25,TOR,9,0,7.4,1.0,2.0,0.5,0.1,0.4,0.25,0.9,1.6,0.571,0.528,0.1,0.1,1.0,0.4,0.7,1.1,0.9,0.0,0.1,0.1,0.4,2.2,,East
121,122,Andre Drummond,Frontcourt,29,CHI,21,0,14.1,2.9,5.1,0.561,0.0,0.1,0.0,2.9,5.0,0.571,0.561,1.0,1.6,0.588,2.4,4.9,7.2,0.9,0.7,0.4,1.2,2.0,6.7,,East
123,124,David Duke Jr.,Guard,23,BRK,14,0,9.0,1.4,3.1,0.442,0.0,0.4,0.0,1.4,2.6,0.514,0.442,0.3,0.6,0.5,0.4,0.6,1.1,0.9,0.4,0.1,0.9,1.6,3.0,,East
128,129,Kessler Edwards,Frontcourt,22,BRK,13,1,5.7,0.5,1.7,0.273,0.2,0.8,0.182,0.3,0.8,0.364,0.318,0.1,0.2,0.5,0.5,0.6,1.1,0.2,0.2,0.1,0.3,0.2,1.2,,East
129,130,Keon Ellis,Guard,23,SAC,3,0,3.0,0.0,0.3,0.0,0.0,0.3,0.0,0.0,0.0,,0.0,0.0,0.0,,0.0,0.7,0.7,0.3,0.0,0.0,0.0,0.7,0.0,,West
132,133,Bruno Fernando,Frontcourt,24,HOU,10,3,12.8,2.1,3.4,0.618,0.0,0.1,0.0,2.1,3.3,0.636,0.618,0.8,1.2,0.667,1.8,2.7,4.5,1.3,0.4,0.9,0.6,2.3,5.0,,West
134,135,Malachi Flynn,Guard,24,TOR,16,1,10.9,2.0,4.6,0.432,1.1,2.3,0.486,0.9,2.3,0.378,0.554,0.6,0.7,0.909,0.2,1.0,1.2,1.1,0.4,0.1,0.6,1.6,5.8,,East
135,136,Simone Fontecchio,Frontcourt,27,UTA,16,0,9.6,1.6,3.7,0.424,1.1,2.6,0.415,0.5,1.1,0.444,0.568,0.6,0.9,0.643,0.6,0.8,1.3,0.4,0.1,0.3,0.6,0.9,4.8,,West
136,137,Bryn Forbes,Guard,29,MIN,14,0,10.2,1.1,3.6,0.32,0.4,1.9,0.222,0.7,1.6,0.435,0.38,0.5,0.5,1.0,0.2,0.2,0.4,0.7,0.5,0.0,0.4,0.7,3.2,,West
137,138,Trent Forrest,Guard,24,ATL,12,2,13.9,1.4,3.2,0.447,0.0,0.2,0.0,1.4,3.0,0.472,0.447,0.2,0.3,0.667,0.4,1.2,1.6,1.8,0.5,0.2,0.5,0.9,3.0,,East
138,139,Michael Foster Jr.,Frontcourt,20,PHI,1,0,1.0,0.0,0.0,,0.0,0.0,,0.0,0.0,,,0.0,0.0,,0.0,0.0,0.0,0.0,0.0,0.0,0.0,0.0,0.0,,East
142,143,Wenyen Gabriel,Frontcourt,25,LAL,20,2,13.6,2.0,3.4,0.597,0.2,0.7,0.308,1.8,2.7,0.667,0.627,0.9,1.1,0.818,1.3,2.4,3.7,0.7,0.6,0.5,0.7,1.8,5.1,,West
143,144,Daniel Gafford,Frontcourt,24,WAS,29,0,14.2,2.5,3.5,0.723,0.0,0.0,,2.5,3.5,0.723,0.723,1.1,2.0,0.579,1.6,2.8,4.3,0.5,0.3,1.1,0.9,1.7,6.2,,East
145,146,Usman Garuba,Frontcourt,20,HOU,25,1,14.8,1.3,2.4,0.541,0.3,0.5,0.538,1.0,1.9,0.542,0.598,0.6,1.0,0.583,1.6,3.1,4.8,1.0,0.9,0.7,0.8,1.8,3.5,,West
146,147,Luka Garza,Frontcourt,24,MIN,4,0,3.0,0.5,1.3,0.4,0.0,0.5,0.0,0.5,0.8,0.667,0.4,0.5,0.5,1.0,0.3,0.5,0.8,0.0,0.0,0.0,0.0,0.3,1.5,,West
149,150,Taj Gibson,Frontcourt,37,WAS,17,1,7.2,0.9,2.2,0.432,0.2,0.6,0.273,0.8,1.5,0.5,0.473,0.6,0.8,0.786,0.5,0.9,1.4,0.4,0.4,0.2,0.4,1.4,2.7,,East
152,153,Anthony Gill,Frontcourt,30,WAS,25,4,11.3,1.2,2.1,0.566,0.1,0.6,0.143,1.1,1.6,0.718,0.585,0.5,0.6,0.867,0.6,1.0,1.6,0.5,0.2,0.2,0.2,1.4,3.0,,East
159,160,A.J. Green,Guard,23,MIL,10,0,5.1,0.8,1.6,0.5,0.6,1.3,0.462,0.2,0.3,0.667,0.688,0.3,0.3,1.0,0.1,0.6,0.7,0.3,0.1,0.0,0.1,0.8,2.5,,East
171,172,Jordan Hall,Frontcourt,21,SAS,9,0,9.2,1.0,3.1,0.321,0.3,1.7,0.2,0.7,1.4,0.462,0.375,0.8,1.0,0.778,0.3,1.0,1.3,1.2,0.1,0.0,0.8,0.7,3.1,,West
175,176,Jaden Hardy,Guard,20,DAL,7,0,6.4,1.6,4.3,0.367,0.1,1.3,0.111,1.4,3.0,0.476,0.383,1.0,1.0,1.0,0.0,0.7,0.7,0.3,0.1,0.1,0.4,1.0,4.3,,West
176,177,Ron Harper Jr.,Frontcourt,22,TOR,2,0,4.0,1.0,2.0,0.5,1.0,1.5,0.667,0.0,0.5,0.0,0.75,0.0,0.0,,0.0,0.5,0.5,0.0,0.0,0.0,0.0,0.0,3.0,,East
177,178,Montrezl Harrell,Frontcourt,29,PHI,23,5,11.7,1.7,3.1,0.535,0.0,0.0,,1.7,3.1,0.535,0.535,1.6,2.2,0.72,1.0,1.9,2.9,0.7,0.2,0.4,0.6,1.2,4.9,,East
180,181,Kevon Harris,Guard,25,ORL,21,0,12.0,1.1,3.0,0.375,0.4,1.0,0.364,0.8,2.0,0.381,0.438,1.0,1.2,0.846,1.0,1.1,2.1,0.5,0.4,0.0,0.7,1.2,3.7,,East
184,185,Udonis Haslem,Frontcourt,42,MIA,4,0,6.0,0.3,1.5,0.167,0.0,0.3,0.0,0.3,1.3,0.2,0.167,0.3,0.5,0.5,0.5,0.5,1.0,0.0,0.3,0.3,0.0,1.0,0.8,,East
186,187,Jaxson Hayes,Frontcourt,22,NOP,10,0,7.3,0.3,1.7,0.176,0.0,0.9,0.0,0.3,0.8,0.375,0.176,0.4,0.7,0.571,0.3,1.4,1.7,0.5,0.3,0.1,0.4,0.6,1.0,,West
190,191,Willy Hernangómez,Frontcourt,28,NOP,12,0,8.8,1.7,3.3,0.5,0.1,0.4,0.2,1.6,2.9,0.543,0.513,1.7,2.0,0.833,1.3,2.2,3.4,0.6,0.3,0.2,1.0,0.8,5.1,,West
195,196,Malcolm Hill,Frontcourt,27,CHI,3,0,0.3,0.0,0.0,,0.0,0.0,,0.0,0.0,,,0.0,0.0,,0.0,0.3,0.3,0.0,0.0,0.0,0.0,0.0,0.0,,East
199,200,Richaun Holmes,Frontcourt,29,SAC,15,0,9.1,1.4,2.1,0.677,0.1,0.2,0.667,1.3,1.9,0.679,0.71,0.3,0.4,0.667,0.6,1.3,1.9,0.0,0.1,0.1,0.3,1.4,3.2,,West
204,205,Trevor Hudgins,Guard,23,HOU,1,0,4.0,1.0,1.0,1.0,1.0,1.0,1.0,0.0,0.0,,1.5,0.0,0.0,,0.0,0.0,0.0,0.0,0.0,0.0,0.0,0.0,3.0,,West
208,209,Serge Ibaka,Frontcourt,33,MIL,14,0,11.4,1.6,3.1,0.523,0.4,1.0,0.429,1.2,2.1,0.567,0.591,0.6,0.9,0.615,0.9,2.0,2.9,0.3,0.0,0.4,0.6,1.4,4.3,,East
214,215,Justin Jackson,Frontcourt,27,BOS,12,0,5.2,0.2,1.1,0.154,0.2,0.9,0.182,0.0,0.2,0.0,0.231,0.0,0.0,,0.0,0.6,0.6,0.3,0.2,0.2,0.1,0.3,0.5,,East
217,218,Ty Jerome,Guard,25,GSW,13,1,14.4,1.7,3.3,0.512,0.5,1.5,0.35,1.2,1.8,0.652,0.593,0.9,0.9,1.0,0.1,1.0,1.1,1.7,0.1,0.1,0.4,1.2,4.8,,West
218,219,Isaiah Joe,Guard,23,OKC,21,0,10.3,1.9,4.0,0.464,1.5,3.4,0.444,0.3,0.6,0.583,0.655,0.6,0.7,0.867,0.1,1.7,1.9,1.0,0.5,0.1,0.5,1.0,5.9,,West
219,220,Alize Johnson,Frontcourt,26,SAS,4,0,7.5,0.8,1.5,0.5,0.0,0.5,0.0,0.8,1.0,0.75,0.5,0.3,0.5,0.5,0.5,2.0,2.5,0.3,0.3,0.0,1.0,0.8,1.8,,West
222,223,James Johnson,Frontcourt,35,IND,7,0,8.9,0.9,2.3,0.375,0.1,1.0,0.143,0.7,1.3,0.556,0.406,0.0,0.0,,0.0,1.1,1.1,0.7,0.1,0.3,0.3,2.3,1.9,,East
224,225,Keon Johnson,Guard,20,POR,9,0,12.9,2.0,5.6,0.36,1.1,3.0,0.37,0.9,2.6,0.348,0.46,0.2,0.7,0.333,0.3,1.4,1.8,1.2,0.6,0.2,1.8,1.1,5.3,,West
225,226,Stanley Johnson,Frontcourt,26,SAS,1,0,4.0,1.0,2.0,0.5,0.0,1.0,0.0,1.0,1.0,1.0,0.5,0.0,0.0,,0.0,1.0,1.0,2.0,0.0,0.0,0.0,0.0,2.0,,West
227,228,Damian Jones,Frontcourt,27,LAL,13,1,9.2,1.1,2.0,0.538,0.0,0.1,0.0,1.1,1.9,0.56,0.538,0.8,1.1,0.786,1.2,1.9,3.1,0.3,0.1,0.5,0.5,0.8,3.0,,West
228,229,Derrick Jones Jr.,Frontcourt,25,CHI,22,0,13.7,1.9,3.8,0.488,0.4,1.2,0.333,1.5,2.6,0.561,0.542,1.3,1.6,0.829,1.0,1.3,2.3,0.5,0.5,0.7,0.4,1.3,5.5,,East
230,231,Kai Jones,Frontcourt,22,CHO,19,0,10.4,1.2,2.6,0.469,0.2,0.6,0.273,1.1,2.0,0.526,0.5,0.4,0.5,0.7,0.9,1.3,2.2,0.3,0.2,0.5,0.4,1.4,2.9,,East
236,237,Mfiondu Kabengele,Frontcourt,25,BOS,1,0,8.0,1.0,2.0,0.5,0.0,1.0,0.0,1.0,1.0,1.0,0.5,0.0,0.0,,3.0,1.0,4.0,0.0,0.0,0.0,0.0,1.0,2.0,,East
237,238,Frank Kaminsky,Frontcourt,29,ATL,12,0,7.3,0.9,1.8,0.524,0.5,1.1,0.462,0.4,0.7,0.625,0.667,0.5,0.5,1.0,0.1,1.3,1.3,0.8,0.1,0.0,0.3,0.9,2.8,,East
238,239,Trevor Keels,Guard,19,NYK,1,0,1.0,0.0,1.0,0.0,0.0,1.0,0.0,0.0,0.0,,0.0,0.0,0.0,,0.0,1.0,1.0,0.0,0.0,0.0,0.0,0.0,0.0,,East
241,242,Braxton Key,Frontcourt,25,DET,3,0,3.0,0.3,0.3,1.0,0.0,0.0,,0.3,0.3,1.0,1.0,0.7,0.7,1.0,0.0,0.3,0.3,0.0,0.0,0.0,0.0,0.0,1.3,,East
244,245,Nathan Knight,Frontcourt,25,MIN,11,0,2.8,0.5,0.6,0.714,0.0,0.1,0.0,0.5,0.5,0.833,0.714,0.3,0.5,0.6,0.0,0.6,0.6,0.0,0.3,0.0,0.3,0.2,1.2,,West
245,246,Kevin Knox,Frontcourt,23,DET,23,0,13.9,2.0,4.3,0.47,1.1,2.9,0.379,1.0,1.5,0.647,0.595,0.7,0.8,0.789,0.5,1.8,2.3,0.4,0.3,0.4,0.5,1.8,5.8,,East
248,249,Furkan Korkmaz,Guard,25,PHI,16,0,12.5,1.5,3.9,0.387,0.6,1.9,0.333,0.9,2.0,0.438,0.468,1.1,1.6,0.72,0.3,1.2,1.4,0.9,0.3,0.1,0.8,0.5,4.8,,East
249,250,Luke Kornet,Frontcourt,27,BOS,24,0,14.0,2.0,2.8,0.701,0.1,0.3,0.333,1.9,2.5,0.738,0.716,0.6,0.8,0.833,1.3,2.3,3.6,0.8,0.2,1.0,0.5,1.6,4.6,,East
250,251,Vit Krejci,Guard,22,ATL,13,0,7.3,0.7,1.8,0.391,0.4,1.2,0.333,0.3,0.6,0.5,0.5,0.1,0.2,0.5,0.2,0.6,0.8,0.8,0.2,0.1,0.2,0.8,1.8,,East
254,255,Jock Landale,Frontcourt,27,PHO,25,0,13.0,2.5,4.7,0.53,0.2,1.3,0.156,2.3,3.4,0.671,0.551,1.2,1.5,0.784,1.5,2.0,3.5,0.7,0.2,0.7,0.8,1.9,6.3,,West
258,259,A.J. Lawson,Guard,22,MIN,1,0,2.0,1.0,1.0,1.0,0.0,0.0,,1.0,1.0,1.0,1.0,0.0,0.0,,0.0,1.0,1.0,0.0,0.0,0.0,0.0,1.0,2.0,,West
260,261,Saben Lee,Guard,23,PHI,2,0,5.0,1.5,2.0,0.75,0.0,0.5,0.0,1.5,1.5,1.0,0.75,0.0,0.0,,0.0,0.0,0.0,1.0,0.5,0.0,1.5,0.5,3.0,,East
261,262,Alex Len,Frontcourt,29,SAC,8,0,3.1,0.6,1.1,0.556,0.0,0.0,,0.6,1.1,0.556,0.556,0.1,0.3,0.5,0.4,0.8,1.1,0.3,0.0,0.0,0.0,0.4,1.4,,West
264,265,Kira Lewis Jr.,Guard,21,NOP,1,0,6.0,1.0,4.0,0.25,0.0,1.0,0.0,1.0,3.0,0.333,0.25,2.0,2.0,1.0,0.0,1.0,1.0,0.0,0.0,0.0,0.0,1.0,4.0,,West
268,269,Kenneth Lofton Jr.,Frontcourt,20,MEM,5,0,4.6,1.4,2.8,0.5,0.0,0.2,0.0,1.4,2.6,0.538,0.5,0.2,0.6,0.333,0.2,0.6,0.8,0.8,0.0,0.0,0.2,0.6,3.0,,West
271,272,Robin Lopez,Frontcourt,34,CLE,20,1,9.0,1.4,2.1,0.659,0.0,0.0,,1.4,2.1,0.659,0.659,0.5,0.6,0.75,0.9,0.6,1.4,0.5,0.1,0.2,0.7,1.2,3.2,,East
274,275,Trey Lyles,Frontcourt,27,SAC,22,0,13.8,2.0,4.9,0.398,1.1,3.2,0.338,0.9,1.7,0.514,0.509,0.8,1.0,0.739,1.0,1.9,2.9,0.7,0.3,0.3,0.9,1.1,5.8,,West
276,277,Sandro Mamukelashvili,Frontcourt,23,MIL,12,0,7.5,0.9,2.4,0.379,0.3,1.3,0.267,0.6,1.2,0.5,0.448,0.4,0.8,0.5,0.4,1.5,1.9,0.3,0.1,0.2,0.3,0.7,2.6,,East
279,280,Boban Marjanović,Frontcourt,34,HOU,8,0,3.8,0.8,1.3,0.6,0.0,0.1,0.0,0.8,1.1,0.667,0.6,0.6,0.9,0.714,0.1,0.8,0.9,0.1,0.1,0.1,0.3,0.1,2.1,,West
283,284,Cody Martin,Frontcourt,27,CHO,1,0,1.0,0.0,0.0,,0.0,0.0,,0.0,0.0,,,0.0,0.0,,0.0,0.0,0.0,0.0,0.0,0.0,0.0,0.0,0.0,,East
285,286,Tyrese Martin,Guard,23,ATL,8,0,4.1,0.5,1.6,0.308,0.1,0.6,0.2,0.4,1.0,0.375,0.346,0.0,0.0,,0.3,0.3,0.5,0.0,0.1,0.0,0.0,0.1,1.1,,East
286,287,Garrison Mathews,Guard,26,HOU,23,0,13.6,1.4,3.7,0.381,1.3,3.4,0.367,0.1,0.2,0.6,0.554,1.2,1.3,0.931,0.2,1.0,1.3,0.4,0.5,0.1,0.3,1.4,5.2,,West
290,291,Miles McBride,Guard,22,NYK,16,0,10.4,1.1,2.9,0.362,0.4,1.8,0.25,0.6,1.2,0.526,0.436,0.3,0.5,0.5,0.2,0.4,0.6,1.6,0.6,0.0,0.4,1.0,2.8,,East
296,297,JaVale McGee,Frontcourt,35,DAL,17,7,9.3,2.1,3.3,0.625,0.1,0.2,0.333,2.0,3.1,0.642,0.634,0.7,1.3,0.545,0.7,1.9,2.6,0.2,0.2,0.5,0.9,1.3,4.9,,West
298,299,Rodney McGruder,Guard,31,DET,9,2,9.2,0.6,2.4,0.227,0.3,1.8,0.188,0.2,0.7,0.333,0.295,0.4,0.4,1.0,0.7,1.1,1.8,0.8,0.0,0.0,0.3,0.3,1.9,,East
301,302,Chimezie Metu,Frontcourt,25,SAC,23,0,11.8,2.3,3.7,0.605,0.2,0.9,0.238,2.0,2.8,0.723,0.634,0.7,0.9,0.8,0.7,2.6,3.2,0.7,0.3,0.2,0.7,1.2,5.4,,West
303,304,Patty Mills,Guard,34,BRK,21,1,12.0,1.9,4.3,0.44,1.1,3.0,0.381,0.8,1.3,0.571,0.571,0.5,0.6,0.917,0.2,0.8,1.0,1.3,0.2,0.0,0.4,0.5,5.5,,East
305,306,Josh Minott,Frontcourt,20,MIN,3,0,3.7,0.7,1.0,0.667,0.0,0.0,,0.7,1.0,0.667,0.667,1.3,1.3,1.0,0.7,0.3,1.0,0.7,0.3,0.3,0.0,0.3,2.7,,West
309,310,Isaiah Mobley,Frontcourt,23,CLE,8,0,3.3,0.5,1.0,0.5,0.1,0.3,0.5,0.4,0.8,0.5,0.563,0.0,0.0,,0.1,1.3,1.4,0.0,0.1,0.0,0.0,0.3,1.1,,East
310,311,Chima Moneke,Frontcourt,27,SAC,2,0,4.0,0.5,1.0,0.5,0.0,0.0,,0.5,1.0,0.5,0.5,0.0,1.0,0.0,1.0,0.0,1.0,0.5,0.0,0.0,1.0,1.0,1.0,,West
312,313,Moses Moody,Guard,20,GSW,24,1,14.8,1.7,3.8,0.444,0.9,2.4,0.386,0.8,1.4,0.545,0.567,0.8,1.0,0.826,0.3,1.5,1.8,0.8,0.3,0.2,0.9,0.9,5.0,,West
313,314,Wendell Moore Jr.,Guard,21,MIN,11,2,7.1,0.9,1.9,0.476,0.2,0.9,0.2,0.7,1.0,0.727,0.524,0.4,0.5,0.8,0.1,0.8,0.9,0.5,0.4,0.2,0.5,0.7,2.4,,West
316,317,Markieff Morris,Frontcourt,33,BRK,17,1,11.6,1.4,3.2,0.418,0.9,2.1,0.457,0.4,1.2,0.35,0.564,0.4,0.4,1.0,0.5,2.0,2.5,1.0,0.4,0.2,0.6,1.2,4.0,,East
322,323,Mike Muscala,Frontcourt,31,OKC,18,1,12.4,1.9,4.2,0.453,0.9,2.8,0.34,0.9,1.4,0.68,0.567,0.7,0.9,0.75,0.4,2.8,3.2,0.8,0.1,0.4,0.4,1.6,5.4,,West
323,324,Svi Mykhailiuk,Frontcourt,25,NYK,9,0,3.2,0.6,1.0,0.556,0.6,0.8,0.714,0.0,0.2,0.0,0.833,0.1,0.3,0.333,0.0,0.7,0.7,0.0,0.0,0.0,0.2,0.1,1.8,,East
327,328,Raul Neto,Guard,30,CLE,19,0,8.9,1.0,2.2,0.463,0.3,0.9,0.294,0.7,1.3,0.583,0.524,0.5,0.6,0.833,0.1,0.7,0.8,1.2,0.4,0.0,0.3,0.6,2.8,,East
330,331,Zeke Nnaji,Frontcourt,22,DEN,19,0,9.6,1.7,2.9,0.589,0.2,0.7,0.214,1.6,2.2,0.714,0.616,0.5,0.6,0.833,0.9,0.5,1.4,0.2,0.2,0.2,0.5,1.4,4.2,,West
331,332,Nerlens Noel,Frontcourt,28,DET,6,0,10.3,0.7,2.2,0.308,0.0,0.0,,0.7,2.2,0.308,0.308,0.5,0.7,0.75,0.5,2.7,3.2,0.5,0.8,0.3,0.5,1.5,1.8,,East
333,334,Frank Ntilikina,Guard,24,DAL,10,0,9.4,0.5,2.4,0.208,0.2,1.3,0.154,0.3,1.1,0.273,0.25,0.3,0.4,0.75,0.2,1.3,1.5,1.2,0.3,0.2,0.3,1.2,1.5,,West
334,335,Kendrick Nunn,Guard,27,LAL,23,2,12.6,2.0,5.7,0.359,0.8,2.8,0.277,1.3,2.9,0.439,0.427,0.4,0.5,0.909,0.0,1.2,1.2,1.1,0.2,0.0,1.1,0.9,5.3,,West
339,340,Josh Okogie,Guard,24,PHO,24,0,9.5,1.3,3.2,0.395,0.4,1.5,0.257,0.9,1.7,0.512,0.454,0.9,1.2,0.724,1.0,1.4,2.4,0.9,0.6,0.4,0.6,1.3,3.8,,West
342,343,KZ Okpala,Frontcourt,23,SAC,18,3,8.6,0.7,1.4,0.48,0.2,0.6,0.364,0.4,0.8,0.571,0.56,0.3,0.3,1.0,0.3,1.0,1.3,0.5,0.2,0.2,0.2,1.3,1.9,,West
345,346,Eugene Omoruyi,Frontcourt,25,OKC,11,0,12.6,2.1,4.5,0.469,0.6,1.8,0.35,1.5,2.6,0.552,0.541,0.6,1.0,0.636,0.8,1.2,2.0,0.5,0.7,0.0,0.6,2.5,5.5,,West
350,351,Theo Pinson,Guard,27,DAL,9,0,3.3,0.1,0.6,0.2,0.0,0.4,0.0,0.1,0.1,1.0,0.2,0.4,0.4,1.0,0.0,0.8,0.8,0.2,0.1,0.0,0.1,0.1,0.7,,West
351,352,Scotty Pippen Jr.,Guard,22,LAL,2,0,4.0,0.0,1.0,0.0,0.0,0.0,,0.0,1.0,0.0,0.0,1.5,2.0,0.75,0.5,0.5,1.0,0.0,0.0,0.0,0.5,1.0,1.5,,West
361,362,Micah Potter,Frontcourt,24,UTA,2,0,6.0,1.0,1.0,1.0,0.0,0.0,,1.0,1.0,1.0,1.0,0.0,0.0,,0.5,1.0,1.5,0.5,0.0,0.0,0.0,1.0,2.0,,West
364,365,Jason Preston,Guard,23,LAC,4,0,6.8,1.5,3.3,0.462,0.5,1.8,0.286,1.0,1.5,0.667,0.538,0.0,0.5,0.0,0.3,0.5,0.8,1.3,0.0,0.0,0.5,0.5,3.5,,West
367,368,Payton Pritchard,Guard,25,BOS,17,0,11.5,1.8,4.5,0.403,0.9,2.6,0.356,0.9,1.9,0.469,0.506,0.4,0.6,0.7,0.6,0.9,1.5,1.2,0.4,0.1,0.8,0.4,5.0,,East
368,369,Trevelin Queen,Guard,25,IND,2,0,10.0,0.0,1.5,0.0,0.0,1.5,0.0,0.0,0.0,,0.0,0.0,0.0,,0.5,1.0,1.5,1.0,0.5,0.5,1.5,0.5,0.0,,East
369,370,Neemias Queta,Frontcourt,23,SAC,1,0,2.0,0.0,0.0,,0.0,0.0,,0.0,0.0,,,0.0,0.0,,1.0,0.0,1.0,1.0,0.0,0.0,0.0,3.0,0.0,,West
374,375,Davon Reed,Guard,27,DEN,19,1,10.6,0.8,2.8,0.302,0.6,1.6,0.367,0.3,1.2,0.217,0.406,0.4,0.5,0.8,0.2,1.3,1.5,0.5,0.3,0.1,0.6,1.1,2.7,,West
375,376,Paul Reed,Frontcourt,23,PHI,24,0,11.1,1.3,2.5,0.542,0.0,0.1,0.0,1.3,2.3,0.571,0.542,0.3,0.5,0.667,1.3,2.3,3.6,0.5,0.9,0.7,0.7,2.3,3.0,,East
376,377,Naz Reid,Frontcourt,23,MIN,22,0,14.9,3.4,6.3,0.532,0.7,2.2,0.313,2.7,4.1,0.648,0.586,1.1,1.6,0.686,0.8,3.0,3.8,0.7,0.3,0.9,1.0,2.2,8.5,,West
384,385,Isaiah Roby,Frontcourt,24,SAS,23,1,12.8,1.9,4.1,0.453,0.6,1.7,0.35,1.3,2.4,0.527,0.526,0.4,1.0,0.435,0.5,2.3,2.8,1.3,0.5,0.3,0.7,1.3,4.8,,West
386,387,Ryan Rollins,Guard,20,GSW,7,0,6.1,0.7,2.1,0.333,0.4,1.1,0.375,0.3,1.0,0.286,0.433,0.3,0.3,1.0,0.1,0.9,1.0,0.4,0.0,0.0,1.7,1.3,2.1,,West
387,388,Derrick Rose,Guard,34,NYK,21,0,13.6,2.6,6.4,0.4,0.8,2.3,0.347,1.8,4.1,0.43,0.463,0.5,0.5,1.0,0.4,1.4,1.8,2.0,0.3,0.2,0.8,0.7,6.4,,East
391,392,Matt Ryan,Frontcourt,25,TOT,14,0,9.7,1.1,3.6,0.314,1.0,2.6,0.378,0.1,1.0,0.143,0.451,0.3,0.4,0.8,0.1,0.9,1.0,0.3,0.2,0.0,0.2,1.0,3.6,,East
392,392,Matt Ryan,Frontcourt,25,LAL,12,0,10.8,1.3,4.1,0.306,1.1,2.9,0.371,0.2,1.2,0.143,0.439,0.3,0.4,0.8,0.2,1.0,1.2,0.3,0.2,0.0,0.3,1.2,3.9,,West
393,392,Matt Ryan,Frontcourt,25,MIN,2,0,3.5,0.5,1.0,0.5,0.5,1.0,0.5,0.0,0.0,,0.75,0.0,0.0,,0.0,0.0,0.0,0.0,0.5,0.0,0.0,0.0,1.5,,West
395,394,Dario Šarić,Frontcourt,28,PHO,14,3,12.0,1.4,3.9,0.345,0.6,1.8,0.32,0.8,2.1,0.367,0.418,0.5,0.6,0.778,1.1,2.3,3.4,1.1,0.2,0.1,0.6,1.6,3.8,,West
396,395,Jordan Schakel,Frontcourt,24,WAS,2,0,3.0,0.5,1.0,0.5,0.5,0.5,1.0,0.0,0.5,0.0,0.75,0.0,0.0,,0.0,0.0,0.0,0.5,0.5,0.0,0.0,0.5,1.5,,East
397,396,Admiral Schofield,Frontcourt,25,ORL,18,0,12.3,1.5,3.4,0.443,0.7,2.0,0.333,0.8,1.4,0.6,0.541,0.4,0.4,1.0,0.8,0.8,1.6,0.7,0.2,0.1,0.2,2.0,4.1,,East
399,398,Dereon Seabron,Guard,22,NOP,2,0,1.5,0.0,0.0,,0.0,0.0,,0.0,0.0,,,0.0,0.0,,0.0,0.0,0.0,0.0,0.0,0.0,0.0,0.0,0.0,,West
403,402,Day'Ron Sharpe,Frontcourt,21,BRK,17,1,8.9,1.4,2.6,0.511,0.2,0.2,0.75,1.2,2.4,0.488,0.544,0.7,1.0,0.706,1.3,2.1,3.4,0.6,0.2,0.6,0.7,1.8,3.6,,East
407,406,Marko Simonovic,Frontcourt,23,CHI,1,0,2.0,0.0,1.0,0.0,0.0,1.0,0.0,0.0,0.0,,0.0,0.0,0.0,,0.0,0.0,0.0,0.0,0.0,0.0,0.0,0.0,0.0,,East
409,408,Jericho Sims,Frontcourt,24,NYK,20,2,12.6,1.8,2.4,0.766,0.0,0.0,,1.8,2.4,0.766,0.766,0.4,0.5,0.8,1.8,2.4,4.2,0.4,0.3,0.8,0.4,1.8,4.0,,East
412,411,Dru Smith,Guard,25,MIA,5,1,13.4,1.0,2.8,0.357,0.2,1.2,0.167,0.8,1.6,0.5,0.393,0.0,0.0,,0.2,1.6,1.8,1.0,0.8,0.6,0.2,2.0,2.2,,East
413,412,Ish Smith,Guard,34,DEN,11,0,11.1,1.5,3.9,0.395,0.2,0.5,0.333,1.4,3.4,0.405,0.419,0.1,0.2,0.5,0.1,1.1,1.2,2.3,0.3,0.5,1.2,0.8,3.4,,West
417,416,Jaden Springer,Guard,20,PHI,4,0,2.8,0.5,1.3,0.4,0.0,0.0,,0.5,1.3,0.4,0.4,0.3,0.5,0.5,0.3,0.5,0.8,0.0,0.0,0.5,0.3,0.5,1.3,,East
423,422,Cole Swider,Frontcourt,23,LAL,1,0,2.0,0.0,1.0,0.0,0.0,1.0,0.0,0.0,0.0,,0.0,0.0,0.0,,0.0,1.0,1.0,1.0,0.0,0.0,0.0,0.0,0.0,,West
426,425,Terry Taylor,Guard,23,IND,16,2,8.0,0.7,1.9,0.355,0.1,0.6,0.2,0.6,1.3,0.429,0.387,0.3,0.3,0.8,0.6,0.8,1.4,0.4,0.1,0.3,0.3,0.8,1.8,,East
427,426,Garrett Temple,Guard,36,NOP,10,0,7.6,1.0,2.3,0.435,0.6,1.4,0.429,0.4,0.9,0.444,0.565,0.3,0.4,0.75,0.2,0.6,0.8,0.4,0.6,0.1,0.3,0.6,2.9,,West
428,427,Dalen Terry,Guard,20,CHI,11,0,3.3,0.4,1.1,0.333,0.1,0.4,0.25,0.3,0.7,0.375,0.375,0.3,0.4,0.75,0.0,0.2,0.2,0.6,0.1,0.2,0.4,0.3,1.1,,East
431,430,JT Thor,Frontcourt,20,CHO,17,0,9.4,0.7,2.3,0.308,0.2,1.2,0.19,0.5,1.1,0.444,0.359,0.4,0.5,0.778,0.5,1.3,1.8,0.5,0.2,0.3,0.6,0.6,2.1,,East
432,431,Matisse Thybulle,Guard,25,PHI,23,4,12.0,0.9,2.3,0.396,0.4,1.3,0.3,0.5,1.0,0.522,0.481,0.1,0.3,0.5,0.3,0.9,1.2,0.4,0.8,0.2,0.2,1.4,2.3,,East
433,432,Xavier Tillman Sr.,Frontcourt,24,MEM,14,0,10.7,1.6,2.8,0.564,0.1,0.4,0.333,1.4,2.4,0.606,0.59,0.3,0.9,0.333,1.2,1.3,2.5,0.6,0.4,0.4,0.5,1.1,3.6,,West
434,433,Isaiah Todd,Frontcourt,21,WAS,4,0,3.3,0.3,1.0,0.25,0.0,0.8,0.0,0.3,0.3,1.0,0.25,0.0,0.0,,0.0,0.0,0.0,0.0,0.0,0.0,0.0,0.0,0.5,,East
436,435,Juan Toscano-Anderson,Frontcourt,29,LAL,14,1,10.4,0.9,2.0,0.429,0.1,0.8,0.182,0.7,1.2,0.588,0.464,0.4,0.5,0.714,0.1,1.7,1.8,0.6,0.2,0.2,0.6,1.4,2.2,,West
446,445,Noah Vonleh,Frontcourt,27,BOS,19,1,8.4,0.6,1.3,0.458,0.1,0.2,0.25,0.5,1.1,0.5,0.479,0.1,0.1,1.0,0.9,1.5,2.4,0.3,0.1,0.4,0.6,1.8,1.3,,East
451,450,Ish Wainright,Frontcourt,28,PHO,11,1,12.5,1.2,2.6,0.448,1.1,2.3,0.48,0.1,0.4,0.25,0.655,0.2,0.3,0.667,0.8,1.0,1.8,1.0,0.5,0.2,0.3,1.5,3.6,,West
452,451,Jabari Walker,Frontcourt,20,POR,15,0,7.7,0.8,1.9,0.429,0.2,0.7,0.3,0.6,1.2,0.5,0.482,0.3,0.4,0.667,0.5,1.5,1.9,0.6,0.1,0.1,0.3,0.9,2.1,,West
457,456,Duane Washington Jr.,Guard,22,PHO,15,0,9.0,1.9,5.1,0.377,0.7,2.6,0.282,1.2,2.5,0.474,0.448,0.0,0.1,0.0,0.0,0.6,0.6,0.7,0.1,0.1,0.6,0.5,4.6,,West
459,458,TyTy Washington Jr.,Guard,21,HOU,2,0,4.5,0.5,1.0,0.5,0.0,0.5,0.0,0.5,0.5,1.0,0.5,0.5,1.0,0.5,0.0,0.0,0.0,0.0,0.0,0.0,0.0,0.5,1.5,,West
461,460,Lindy Waters III,Guard,25,OKC,5,0,13.8,1.6,4.6,0.348,1.4,4.4,0.318,0.2,0.2,1.0,0.5,0.0,0.0,,0.4,1.6,2.0,0.4,0.6,0.0,0.0,1.0,4.6,,West
463,462,Peyton Watson,Guard,20,DEN,6,0,2.5,0.5,1.5,0.333,0.0,0.2,0.0,0.5,1.3,0.375,0.333,0.0,0.0,,0.3,0.2,0.5,0.0,0.0,0.0,0.0,0.2,1.0,,West
464,463,Blake Wesley,Guard,19,SAS,2,0,11.5,3.0,4.5,0.667,1.0,1.5,0.667,2.0,3.0,0.667,0.778,1.0,2.0,0.5,0.5,0.5,1.0,2.0,0.0,0.0,1.0,1.5,8.0,,West
468,467,Jack White,Frontcourt,25,DEN,8,0,3.3,0.1,0.8,0.167,0.0,0.3,0.0,0.1,0.5,0.25,0.167,0.0,0.0,,0.3,0.4,0.6,0.0,0.1,0.3,0.0,0.5,0.3,,West
471,470,Alondes Williams,Guard,23,BRK,1,0,5.0,0.0,0.0,,0.0,0.0,,0.0,0.0,,,0.0,0.0,,0.0,1.0,1.0,0.0,0.0,0.0,2.0,1.0,0.0,,East
474,473,Jaylin Williams,Frontcourt,20,OKC,6,0,7.7,0.8,2.3,0.357,0.0,0.5,0.0,0.8,1.8,0.455,0.357,0.7,1.0,0.667,1.0,1.0,2.0,0.8,0.3,0.0,0.3,1.2,2.3,,West
476,475,Mark Williams,Frontcourt,21,CHO,3,0,4.3,1.3,2.3,0.571,0.0,0.0,,1.3,2.3,0.571,0.571,1.0,1.0,1.0,1.3,1.3,2.7,0.0,0.0,0.0,0.7,1.0,3.7,,East
478,477,Vince Williams Jr.,Guard,22,MEM,6,0,6.7,0.5,1.8,0.273,0.2,1.3,0.125,0.3,0.5,0.667,0.318,0.0,0.0,,0.2,0.7,0.8,0.3,0.7,0.2,0.0,0.8,1.2,,West
482,481,James Wiseman,Frontcourt,21,GSW,12,0,12.7,2.6,4.4,0.585,0.0,0.0,,2.6,4.4,0.585,0.585,1.3,2.1,0.64,1.0,2.7,3.7,0.9,0.1,0.3,0.7,2.2,6.5,,West
485,484,McKinley Wright IV,Guard,24,DAL,2,0,4.0,0.5,2.0,0.25,0.0,0.5,0.0,0.5,1.5,0.333,0.25,0.0,0.0,,1.0,0.5,1.5,1.5,0.5,0.0,0.0,0.0,1.0,,West
